doc_id,lang_fasttext,lang_fasttext_conf,prompt,first_200_tokens_from_prompt,first_200_tokens_detokenized,dataset,doc_type_x,publish_year
digibok_2008041504057,nn,0.411,Ja ja de skal få,"['▁Ja', '▁ja,', '▁de', '▁skal', '▁få', '.\nHan', '▁sk', 'ok', '▁det', '▁av', '▁seg,', '▁gjekk', '▁ut', '▁i', '▁det', '▁he', 'ite', '▁', 'æs', 'ande', '▁hå', 'ball', 'sol', 'sk', 'in', 'et.', '▁H', 'enta', '▁c', 'i', '▁ø', 'ks', '▁i', '▁ved', 'skj', 'ol', 'et.', '▁Tun', 'et', '▁lu', 'kta', '▁av', '▁sol', 'br', 'ann', '▁Han', '▁reiste', '▁til', '▁skog', 's', '▁og', '▁rette', '▁opp', '▁gjer', 'det', '▁kring', '▁ham', 'ne', 'hag', 'en.', '▁För', '▁rundt', '▁og', '▁skifte', '▁ut', '▁rot', 'ne', '▁stol', 'par', '.', '▁Tra', 'kka', '▁i', '▁ma', 'ur', '▁og', '▁ble', 'kke', 'g', 'ras', '▁og', '▁tørr', '▁lyn', 'g.', '▁I', '▁gransk', 'ugg', 'ar', '▁og', '▁røy', 'sar', '▁og', '▁h', 'ogg', 'or', 'm.', '▁E', 'inst', 'apen', '▁stod', '▁stri', '.', '▁Kon', 'vall', 'ane', '▁var', '▁kv', 'ite', '▁av', '▁vok', 's,', '▁Mari', 'hand', '▁gre', 'ip', '▁ut', '▁i', '▁luft', 'a.', '▁Det', '▁ra', 'uk', '▁tju', 'kt', '▁og', '▁gult', '▁frå', '▁einer', 'b', 'usk', 'ane.', '▁Brun', '▁stor', 'fugl', '▁sprang', '▁framfor', '▁ein', '▁med', '▁opp', 'br', 'usa', '▁fj', 'ører', ':\nP', 'er', '▁sve', 'itta', '▁og', '▁skifte', '▁ut', '▁stol', 'par', '.', '▁Han', '▁kom', '▁ut', '▁pa', '▁berg', 'kn', 'att', 'ar', '▁og', '▁sig', '▁ned', '▁til', '▁B', 'uf', 'ast', '.\nh', 'ans.', '▁Han', '▁syntes', '▁det', '▁var', '▁ei', '▁um', 'åt', 'eleg', '▁stjerne', '.\nVar', 'dag', 'sfolk', '.\nAv', '▁Ker', 'stin', '▁Hed', '▁Vi', '▁år', '▁den', '▁', 'ätt', ',', '▁som', '▁alltid', '▁skall', '▁förb', 'li.', '▁vi,', '▁grå', 'a']"," Ja ja, de skal få.
Han skok det av seg, gjekk ut i det heite æsande håballsolskinet. Henta ci øks i vedskjolet. Tunet lukta av solbrann Han reiste til skogs og rette opp gjerdet kring hamnehagen. För rundt og skifte ut rotne stolpar. Trakka i maur og blekkegras og tørr lyng. I granskuggar og røysar og hoggorm. Einstapen stod stri. Konvallane var kvite av voks, Marihand greip ut i lufta. Det rauk tjukt og gult frå einerbuskane. Brun storfugl sprang framfor ein med oppbrusa fjører:
Per sveitta og skifte ut stolpar. Han kom ut pa bergknattar og sig ned til Bufast.
hans. Han syntes det var ei umåteleg stjerne.
Vardagsfolk.
Av Kerstin Hed Vi år den ätt, som alltid skall förbli. vi, gråa",books,restricted-book,2021
digibok_2008082104033,nn,0.702,Då eg fekk høyra at,"['▁Då', '▁eg', '▁fekk', '▁høy', 'ra', '▁at', '▁ingen', '▁annan', '▁enn', '▁mat', 'mus', 'ikken', '▁skulle', '▁fa', '▁koma', '▁inn', '▁i', '▁det', '▁fyr', 'ste', '▁laget', '▁som', '▁send', 'elaget', '▁gjorde', '▁for', '▁send', 'elaget', '▁frå', '▁den', '▁svenske', '▁riks', 'dag', 'en,', '▁då', '▁sende', '▁eg', '▁bod', '▁til', '▁ordfør', 'ar', 'en,', '▁om', '▁eg', '▁ikkje', '▁fekk', '▁lov', '▁til', '▁å', '▁koma', '▁inn', '▁på', '▁t', 'revet', '▁I', '▁ein', '▁av', 'kro', 'k', '▁der', '▁ingen', '▁kunne', '▁sjå', '▁meg,', '▁og', '▁der', '▁høy', 'ra', '▁på', '▁tal', 'ane,', '▁Men', '▁vert', 'en,', '▁kjøp', 'mann', '▁K.', '▁.', '▁..', ',', '▁svara', '▁for', '▁gj', 'esten', '▁sin,', '▁han', '▁kom', '▁visst', '▁i', '▁hug', '▁då', '▁han', '▁var', '▁med', '▁i', '▁«', 'Re', 'form', 'forening', 'a', '»', '▁«H', 'els', '▁Vin', 'je', '▁at', '▁han', '▁no', '▁er', '▁i', '▁Trondheim', '!\n', '«', 'Det', '▁skal', '▁vel', '▁se', 'ia.', '»', '▁svara', '▁eg', ',', '▁e', 'at', '▁eg', '▁no', '▁er', '▁i', '▁den', '▁k', 'rå', 'ke', 'kro', 'ken', '▁der', '▁folk', '▁kan', '▁steng', 'ja', '▁seg', '▁inne', '▁med', '▁dår', 'skapen', '▁sin', '.\nE', 'g', '▁sende', '▁bod', '▁tilbake', '▁at', '▁eg', '▁gjekk', '▁med', '▁riks', 'ens', '▁grunn', 'lov', '▁I', '▁hand', 'a,', '▁og', '▁dersom', '▁nokon', '▁t', 'orde', '▁steng', 'ja', '▁meg', '▁ute,', '▁skulle', '▁vi', '▁tal', 'ast', '▁med', '▁om', '▁den', '▁ting,', '▁for', '▁det', '▁var', '▁rik', 'sk', 'assa', '▁som', '▁gjorde', '▁lag', 'et,', '▁og', '▁folk', '▁hadde', '▁rett', '▁til', '▁å', '▁høy', 'ra', '▁det', '▁som', '▁vart', '▁sagt']"," Då eg fekk høyra at ingen annan enn matmusikken skulle fa koma inn i det fyrste laget som sendelaget gjorde for sendelaget frå den svenske riksdagen, då sende eg bod til ordføraren, om eg ikkje fekk lov til å koma inn på trevet I ein avkrok der ingen kunne sjå meg, og der høyra på talane, Men verten, kjøpmann K. . .., svara for gjesten sin, han kom visst i hug då han var med i «Reformforeninga» «Hels Vinje at han no er i Trondheim!
«Det skal vel seia.» svara eg, eat eg no er i den kråkekroken der folk kan stengja seg inne med dårskapen sin.
Eg sende bod tilbake at eg gjekk med riksens grunnlov I handa, og dersom nokon torde stengja meg ute, skulle vi talast med om den ting, for det var rikskassa som gjorde laget, og folk hadde rett til å høyra det som vart sagt",books,restricted-book,2021
digibok_2018030548030,nn,0.53,I Aurlandselva var andelen presmolt,"['▁I', '▁Aur', 'land', 'sel', 'va', '▁var', '▁andelen', '▁pres', 'm', 'olt', '▁laks', '▁rekord', 'høg', '▁mellom', '▁to', 'år', 'ing', 'ane,', '▁dette', '▁var', '▁også', '▁den', '▁ein', 'aste', '▁år', 'sk', 'lass', 'a', '▁av', '▁laks', '▁som', '▁hadde', '▁fisk', '▁som', '▁blei', '▁karakter', 'isert', '▁som', '▁pres', 'm', 'ol', 't,', '▁og', '▁det', '▁er', '▁første', '▁gong', '▁berre', '▁ein', '▁år', 'sklasse', '▁av', '▁laks', '▁utg', 'jer', '▁pres', 'm', 'olt', 'produksjonen', '▁i', '▁Aur', 'land', 'sel', 'va', '▁(t', 'abell', '▁3)', '.\nFor', '▁a', 'ure', '▁var', '▁86', '▁to', 'år', 'ingar', '▁pres', 'm', 'olt', '▁i', '▁2008,', '▁dette', '▁er', '▁det', '▁største', '▁antalet', '▁pres', 'm', 'olt', '▁som', '▁er', '▁registrert', '▁for', '▁denne', '▁alder', 'sgrupp', 'a,', '▁andelen', '▁var', '▁derimot', '▁ikkje', '▁spesielt', '▁stor', '▁noko', '▁som', '▁skuld', 'ast', '▁at', '▁det', '▁blei', '▁fang', 'a', '▁rekord', 'm', 'ange', '▁to', 'år', 'ingar', '▁av', '▁a', 'ure', '▁i', '▁2008', '▁(t', 'abell', '▁3)', '.\nT', 'abell', '▁3.', '▁Antal', '▁a', 'ure', '▁og', '▁laks', '▁av', '▁den', '▁ein', 'skilde', '▁alder', 'sgruppe', '▁og', '▁antal', '▁av', '▁desse', '▁som', '▁er', '▁pres', 'm', 'olt', '▁og', '▁andel', '▁(', '%)', '▁pres', 'm', 'olt', '▁av', '▁kvar', '▁alder', 'sgruppe', '▁som', '▁blei', '▁fang', 'a', '▁under', '▁elektro', 'fiske', '▁i', '▁Aur', 'land', 'sel', 'va', '▁i', '▁sidan', '▁1995', '.\nI', '▁V', 'ass', 'byg', 'del', 'va', '▁var', '▁andelen', '▁av', '▁pres', 'm', 'olt', '▁laks', '▁og', '▁a', 'ure', '▁om', '▁lag', '▁som', '▁gjennomsnitt', 'et', '▁for', '▁alle', '▁år', 'sk', 'lass']"," I Aurlandselva var andelen presmolt laks rekordhøg mellom toåringane, dette var også den einaste årsklassa av laks som hadde fisk som blei karakterisert som presmolt, og det er første gong berre ein årsklasse av laks utgjer presmoltproduksjonen i Aurlandselva (tabell 3).
For aure var 86 toåringar presmolt i 2008, dette er det største antalet presmolt som er registrert for denne aldersgruppa, andelen var derimot ikkje spesielt stor noko som skuldast at det blei fanga rekordmange toåringar av aure i 2008 (tabell 3).
Tabell 3. Antal aure og laks av den einskilde aldersgruppe og antal av desse som er presmolt og andel (%) presmolt av kvar aldersgruppe som blei fanga under elektrofiske i Aurlandselva i sidan 1995.
I Vassbygdelva var andelen av presmolt laks og aure om lag som gjennomsnittet for alle årsklass",books,restricted-book,2021
digibok_2012112306025,nn,0.777,Det vart berre ei hås,"['▁Det', '▁vart', '▁berre', '▁ei', '▁hå', 's', '▁kv', 'isk', 'ring', '.\nA', 're', '▁måtte', '▁få', '▁han', '▁til', '▁dok', 'ter', '▁så', '▁snart', '▁som', '▁det', '▁let', '▁seg', '▁gj', 'era', '.\nMen', '▁det', '▁var', '▁fullt', '▁av', '▁sold', 'atar', '▁i', '▁fjell', 'et.', '▁Ein', '▁kunne', '▁aldri', '▁vita', '▁kv', 'en', '▁ein', '▁møtte', '.\nHer', '▁var', '▁både', '▁ven', '▁og', '▁fi', 'ende', '.\nDet', '▁ville', '▁bli', '▁svært', '▁vansk', 'eleg', '▁å', '▁ber', 'a', '▁Sverre', '▁bort', '▁til', '▁hytt', 'ene', '▁der', '▁nord', '-m', 'enn', 'ene', '▁held', 't', '▁til.', '▁Han', '▁måtte', '▁over', '▁eit', '▁høg', 'de', '-', 'drag', '▁og', '▁var', '▁redd', '▁for', '▁at', '▁dei', '▁kunne', '▁bli', '▁pl', 'aff', 'a', '▁ned', '▁før', '▁dei', '▁kom', '▁fram.', '▁Skulle', '▁han', '▁ikkje', '▁heller', '▁prø', 'va', '▁å', '▁ber', 'a', '▁Sverre', '▁ned', '▁i', '▁bygda', '?', '▁Der', '▁kunne', '▁han', '▁kanskje', '▁få', '▁tak', '▁i', '▁ein', '▁skikk', 'eleg', '▁dok', 'ter', '?\nA', 're', '▁kom', '▁på', '▁at', '▁far', '▁til', '▁Å', 'se', '▁hadde', '▁ei', '▁hytte', '▁ved', '▁Bor', '-v', 'at', 'net', '.\nHan', '▁måtte', '▁i', '▁alle', '▁fall', '▁prøv', 'a.', '▁Det', '▁hast', 'a', '▁nok', '▁med', '▁å', '▁få', '▁Sverre', '▁til', '▁ein', '▁k', 'ynd', 'ig', '▁dok', 'ter', '.\nHan', '▁måtte', '▁laga', '▁ein', '▁kj', 'el', 'ke', '▁av', '▁ski', 'ene.', '▁Men', '▁korleis', '▁skulle', '▁han', '▁få', '▁det', '▁til', '?', '▁J', 'au,', '▁han', '▁hadde', '▁band', '▁i', '▁rygg', '-se', 'kken.', '▁Og', '▁der', '▁stod', '▁ei', '▁eins', 'leg', '▁fjell', '-b', 'jør', 'k', '.\n', 'ein']"," Det vart berre ei hås kviskring.
Are måtte få han til dokter så snart som det let seg gjera.
Men det var fullt av soldatar i fjellet. Ein kunne aldri vita kven ein møtte.
Her var både ven og fiende.
Det ville bli svært vanskeleg å bera Sverre bort til hyttene der nord-mennene heldt til. Han måtte over eit høgde-drag og var redd for at dei kunne bli plaffa ned før dei kom fram. Skulle han ikkje heller prøva å bera Sverre ned i bygda? Der kunne han kanskje få tak i ein skikkeleg dokter?
Are kom på at far til Åse hadde ei hytte ved Bor-vatnet.
Han måtte i alle fall prøva. Det hasta nok med å få Sverre til ein kyndig dokter.
Han måtte laga ein kjelke av skiene. Men korleis skulle han få det til? Jau, han hadde band i rygg-sekken. Og der stod ei einsleg fjell-bjørk.
ein",books,restricted-book,1985
digibok_2008072400003,nn,0.731,Ei lita kjøle av austavind,"['▁Ei', '▁li', 'ta', '▁kjøle', '▁av', '▁aust', 'av', 'ind', '▁kom', '▁and', 'ande', '▁da', '▁og', '▁da,', '▁ei', '▁ven', 'lig', '▁li', 'ta', '▁hel', 'sing', '▁frå', '▁andre', '▁st', 'ader', '▁i', '▁verd', 'a,', '▁der', '▁dei', '▁hadde', '▁det', '▁ans', 'les', '▁enn', '▁her.', '▁Eller', '▁ein', '▁kjente', '▁det', '▁som', '▁ei', '▁hjelp', 'ande', '▁hand', ':', '▁ut', 'på', '▁natt', 'a', '▁har', '▁vi', '▁kanskje', '▁aust', 'av', 'ind', 's-', 'ro', 'kke', '▁her.', '▁Det', '▁t', 'erg', 'ar', '▁opp', '▁d', 'øn', 'ningen', '▁kan', '▁hende,', '▁men', '▁det', '▁skulde', '▁da', '▁sette', '▁stor', 'sjø', 'en', '▁på', '▁plass.', '▁det', '▁har', '▁det', '▁ofte', '▁gjort', '.\n—', '▁Der', '▁kjem', '""', 'n', '▁far', '▁sjø', 'l,', '▁sa', '▁eit', '▁av', '▁barna', '▁da', '▁Hel', 'mer', '▁kom', '▁små', 'syn', 'g', 'ande', '▁ned', '▁frå', '▁haug', 'en.', '▁Han', '▁syn', 'g', '▁vog', 'ge', 'visa', '▁si', '▁nå.', '▁—', 'St', 'jern', 'em', 'ikkelen', '▁vår,', '▁sa', '▁den', '▁andre', '▁gap', 'ung', 'en,', '▁for', '▁Hel', 'mer', '▁såg', '▁på', '▁stjern', 'ene', '▁Og', ',', '▁sig', '▁p', 'd', '▁mange', '▁ting', '▁han,', '▁men', '▁det', '▁var', '▁berre', '▁kjærlig', '▁sagt', '▁av', '▁ung', 'en.', '▁-', '▁Og', '▁der', '▁sm', 'att', ""▁'"", 'n', '▁Ro', 'ald', '▁inn', '▁i', '▁bede', 'hus', '-', 'sv', 'al', 'a,', '▁sa', '▁de', 'i.', '▁Det', '▁var', '▁ein', '▁Mikkel', '▁det,', '▁vart', '▁dei', '▁ein', 'ige', '▁om.', '▁M', 'ora', '▁tok', '▁bort', 'i', '▁gut', 'ung', 'en,', '▁og', '▁da', '▁tag', 'de', '▁de', 'i.', '▁Dei', '▁kunde', '▁vel']"," Ei lita kjøle av austavind kom andande da og da, ei venlig lita helsing frå andre stader i verda, der dei hadde det ansles enn her. Eller ein kjente det som ei hjelpande hand: utpå natta har vi kanskje austavinds-rokke her. Det tergar opp dønningen kan hende, men det skulde da sette storsjøen på plass. det har det ofte gjort.
— Der kjem""n far sjøl, sa eit av barna da Helmer kom småsyngande ned frå haugen. Han syng voggevisa si nå. —Stjernemikkelen vår, sa den andre gapungen, for Helmer såg på stjernene Og, sig pd mange ting han, men det var berre kjærlig sagt av ungen. - Og der smatt 'n Roald inn i bedehus-svala, sa dei. Det var ein Mikkel det, vart dei einige om. Mora tok borti gutungen, og da tagde dei. Dei kunde vel",books,restricted-book,2021
digibok_2016042848116,nn,0.589,Praktisk tolka for skule og,"['▁P', 'raktisk', '▁tol', 'ka', '▁for', '▁skule', '▁og', '▁heim', '.\nB', 'ok', 're', 'idar', '▁Lunde', '▁&', '▁co', '.\nI', '▁mange', '▁aar', '▁hev', '▁eg', '▁nytta', '▁Mark', 'use', 'v', 'angel', 'iet', '▁i', '▁konfirm', 'ant', 'upp', 'læring', 'i.', '▁Denne', '▁tolk', 'ing', 'i', '▁er', '▁da', 'a', '▁nærm', 'ast', '▁ei', '▁frukt', '▁av', '▁det', '▁kjenn', 'skapet', '▁til', '▁dette', '▁evangel', 'iet,', '▁eg', '▁ved', '▁det', '▁hev', '▁f', 'enge', '.', '▁Eg', '▁lær', 'de', '▁aa', '▁sj', 'aa', '▁dei', '▁fy', 'rem', 'un', 'ar,', '▁som', '▁Mark', 'use', 'v', 'angel', 'iet', '▁hev', ',', '▁naar', '▁det', '▁gjeld', '▁upp', 'læring', 'i.', '▁Det', '▁er', '▁kort', '▁og', '▁dramatisk', ',', '▁inne', 'h', 'eld', '▁mykje', '▁meir', '▁handling', '▁enn', '▁tal', 'er,', '▁er', '▁di', 'for', '▁meir', '▁konkret', '▁og', '▁sk', 'yn', 'legt', '▁for', '▁dei', '▁unge', '▁enn', '▁noko', '▁av', '▁dei', '▁andre.', '▁—', '▁Fy', 'rem', 'a', 'alet', '▁mitt', '▁hev', '▁ikkje', '▁vore', '▁vit', 'skap', 'eleg', 't,', '▁men', '▁berre', '▁det', '▁aa', '▁pe', 'ika', '▁paa', '▁det', '▁liv', 'ande', '▁Jesus', 'bil', 'æ', 'te,', '▁som', '▁Mark', 'us', '▁gjev', ',', '▁og', '▁l', 'ata', '▁dei', '▁unge', '▁faa', '▁kj', 'enna', '▁det', '▁livets', '▁pul', 'ss', 'lag', '▁som', '▁gjeng', '▁gjen', 'om', '▁skild', 'ring', 'ara', 'e.', '▁Det', '▁er', '▁mi', '▁v', 'on,', '▁at', '▁tolk', 'ing', 'i', '▁mi', '▁til', '▁tra', 'ss', '▁for', '▁dei', '▁mange', '▁ve', 'il', 'or', '▁vil', '▁vera', '▁til', '▁nytte', '▁ved', '▁relig', 'ions', 'upp', 'læring', 'i', '▁i', '▁folkesk', 'ul']"," Praktisk tolka for skule og heim.
Bokreidar Lunde & co.
I mange aar hev eg nytta Markusevangeliet i konfirmantupplæringi. Denne tolkingi er daa nærmast ei frukt av det kjennskapet til dette evangeliet, eg ved det hev fenge. Eg lærde aa sjaa dei fyremunar, som Markusevangeliet hev, naar det gjeld upplæringi. Det er kort og dramatisk, inneheld mykje meir handling enn taler, er difor meir konkret og skynlegt for dei unge enn noko av dei andre. — Fyremaalet mitt hev ikkje vore vitskapelegt, men berre det aa peika paa det livande Jesusbilæte, som Markus gjev, og lata dei unge faa kjenna det livets pulsslag som gjeng gjenom skildringarae. Det er mi von, at tolkingi mi til trass for dei mange veilor vil vera til nytte ved religionsupplæringi i folkeskul",books,restricted-book,2021
venneslatidende_null_null_20100914_22_66_1_MODSMD_ARTICLE35,nn,0.437,Han hevder dette blir siste,"['▁Han', '▁hevder', '▁dette', '▁blir', '▁siste', '▁Pul', 's-', 'kon', 'sert', '▁for', '▁en', '▁stund', '.\n-', '▁Vi', '▁har', '▁gjort', '▁en', '▁god', '▁jobb', '▁og', '▁vi', '▁har', '▁gått', '▁i', '▁null', '.']"," Han hevder dette blir siste Puls-konsert for en stund.
- Vi har gjort en god jobb og vi har gått i null.",factual,restricted-newspaper_ocr,2010
amedia-27544b2b2ec0b316ef444fd7e9d1d383,nn,0.557,Kvinnheringen har tidlegare skrive om,"['▁Kvinn', 'her', 'ingen', '▁har', '▁tidlegare', '▁skrive', '▁om', '▁Hus', 'nes', '▁Utvikling', '▁sine', '▁plan', 'ar', '▁om', '▁eit', '▁bade', 'anlegg', '▁med', '▁fleire', '▁tram', 'pol', 'inar', '▁i', '▁Hus', 'nes', 'park', 'en.', '▁Det', '▁er', '▁no', '▁ned', 'skal', 'ert', '▁og', '▁planen', '▁er', '▁å', '▁få', '▁på', '▁plass', '▁ein', '▁etterl', 'eng', 'ta', '▁le', 'ike', 'plass', '▁i', '▁tilknyt', 'ing', '▁til', '▁Hus', 'nes', '▁sentrum', '.\n–', '▁B', 'ade', 'anlegget', '▁er', '▁lagt', '▁på', '▁is', '▁inntil', '▁vid', 'are.', '▁No', '▁er', '▁det', '▁snakk', '▁om', '▁ein', '▁familie', 'park', '▁bestå', 'ande', '▁av', '▁le', 'ike', 'appar', 'at,', '▁ben', 'kar', '▁og', '▁ei', '▁grill', 'h', 'ytte', '.', '▁Sånn', '▁at', '▁ung', 'ane', '▁kan', '▁kunna', '▁le', 'ika', '▁og', '▁ha', '▁det', '▁kjekt', ',', '▁medan', '▁foreld', 'ra', '▁kan', '▁sit', 'ja', '▁og', '▁sjå', '▁på.', '▁Det', '▁er', '▁ikkje', '▁le', 'ike', 'plass', 'ar', '▁i', '▁tilknyt', 'ing', '▁til', '▁Hus', 'nes', '▁sentrum', '▁i', '▁dag,', '▁så', '▁dette', '▁trur', '▁vi', '▁vil', '▁vera', '▁eit', '▁kjær', 'kom', 'e', '▁anlegg', '▁for', '▁hus', 'ness', 'amfunn', 'et,', '▁seier', '▁Olsen', '.\nF', 'amil', 'ie', 'parken', '▁er', '▁plan', 'lagd', '▁ved', '▁Od', 'in-', 'str', 'anda', '▁like', '▁ved', '▁ro', 'huset', '.\n–', '▁I', '▁dette', '▁området', '▁ligg', '▁også', '▁den', '▁populære', '▁fris', 'be', 'eg', 'olf', 'ban', 'en.', '▁Så', '▁med', '▁familie', 'parken', '▁på', '▁plass,', '▁så', '▁hå', 'par', '▁vi', '▁det', '▁kan', '▁bli', '▁eit', '▁rek', 're', 'asjon', 'sområde', '▁som', '▁mange', '▁kan', '▁ta', '▁i', '▁bruk,', '▁seier', '▁Ol']"," Kvinnheringen har tidlegare skrive om Husnes Utvikling sine planar om eit badeanlegg med fleire trampolinar i Husnesparken. Det er no nedskalert og planen er å få på plass ein etterlengta leikeplass i tilknyting til Husnes sentrum.
– Badeanlegget er lagt på is inntil vidare. No er det snakk om ein familiepark beståande av leikeapparat, benkar og ei grillhytte. Sånn at ungane kan kunna leika og ha det kjekt, medan foreldra kan sitja og sjå på. Det er ikkje leikeplassar i tilknyting til Husnes sentrum i dag, så dette trur vi vil vera eit kjærkome anlegg for husnessamfunnet, seier Olsen.
Familieparken er planlagd ved Odin-stranda like ved rohuset.
– I dette området ligg også den populære frisbeegolfbanen. Så med familieparken på plass, så håpar vi det kan bli eit rekreasjonsområde som mange kan ta i bruk, seier Ol",factual,restricted-newspapers_mediafutures_amedia,2023
faedrelandsvennen_null_null_19581212_82_288_1_MODSMD_ARTICLE259,nn,0.445,Undulat med bur til salgs,"['▁Und', 'ul', 'at', '▁med', '▁bur', '▁til', '▁salg', 's,', '▁kr', '..', '▁40', '▁Bill', 'ett', '▁mr', 'k.', '▁«', '15', '7', '».']"," Undulat med bur til salgs, kr.. 40 Billett mrk. «157».",factual,restricted-newspaper_ocr,1958
amedia-c8836edf41338e80887e4c995bdc523d,nn,0.71,Like tydelege har ordførar Jenny,"['▁Like', '▁ty', 'del', 'ege', '▁har', '▁ordfør', 'ar', '▁Jenny', '▁Føl', 'ling', '▁(S', 'p)', '▁og', '▁vara', 'ord', 'før', 'ar', '▁Anne', '▁Lille', 'a', 'asen', '▁(H)', '▁vor', 'e.', '▁Dei', '▁vil', '▁ha', '▁alternativ', '▁2,', '▁sjølv', '▁om', '▁ein', '▁må', '▁finne', '▁peng', 'ane', '▁ein', '▁stad', '.', '▁For', '▁inne', '▁i', '▁forslaget', '▁til', '▁økonomi', 'plan', '▁for', '▁20', '24', '-2', '7,', '▁ligg', '▁Sande', '▁skule', '▁berre', '▁inne', '▁med', '▁15', '5', '▁million', 'ar', '▁kroner', '.\nA', 'ller', '▁helst', '▁vil', '▁Fol', 'land', '▁sjøl', 'vs', 'agt', '▁ha', '▁alternativ', '▁3,', '▁men', '▁«R', 'oll', 's-', 'R', 'oy', 'ce', '-l', 'øy', 's', 'inga', '»', '▁til', '▁2', '64', '▁million', 'ar', '▁ser', '▁ho', '▁ikkje', '▁føre', '▁seg', '▁at', '▁politik', 'arane', '▁finn', '▁rom', '▁til', '.\nAl', 'ternativ', '▁2', '▁til', '▁199', '▁million', 'ar', '▁legg', '▁opp', '▁til', '▁å', '▁rive', '▁nokre', '▁av', '▁fl', 'øyene', '▁og', '▁bygge', '▁opp', '▁i', '▁høg', 'da.', '▁Det', '▁app', 'la', 'uder', 'er', '▁Fol', 'land', '.\n–', '▁Og', '▁då', '▁må', '▁det', '▁bli', '▁lagt', '▁inn', '▁pengar', '▁for', '▁ute', 'områ', 'da.', '▁Ung', 'ane', '▁har', '▁ingenting', '▁å', '▁gjere', '▁her.', '▁Det', '▁vi', '▁har,', '▁har', '▁FA', 'U', '▁skra', 'pa', '▁saman', '▁pengar', '▁til', '.\nEtter', '▁planen', '▁skal', '▁skul', 'en', '▁stå', '▁klar', '▁i', '▁202', '6.', '▁Derfor', '▁har', '▁ein', '▁behov', '▁for', '▁å', '▁av', 'klare', '▁løy', 'sing', '▁og', '▁sette', '▁av', '▁pengar', '▁i', '▁økonomi', 'planen', '▁no', '.\n–', '▁Dei', '▁må', '▁for', '▁Guds', '▁skuld', '▁kome', '▁med', '▁ei', '▁rask']"," Like tydelege har ordførar Jenny Følling (Sp) og varaordførar Anne Lilleaasen (H) vore. Dei vil ha alternativ 2, sjølv om ein må finne pengane ein stad. For inne i forslaget til økonomiplan for 2024-27, ligg Sande skule berre inne med 155 millionar kroner.
Aller helst vil Folland sjølvsagt ha alternativ 3, men «Rolls-Royce-løysinga» til 264 millionar ser ho ikkje føre seg at politikarane finn rom til.
Alternativ 2 til 199 millionar legg opp til å rive nokre av fløyene og bygge opp i høgda. Det applauderer Folland.
– Og då må det bli lagt inn pengar for uteområda. Ungane har ingenting å gjere her. Det vi har, har FAU skrapa saman pengar til.
Etter planen skal skulen stå klar i 2026. Derfor har ein behov for å avklare løysing og sette av pengar i økonomiplanen no.
– Dei må for Guds skuld kome med ei rask",factual,restricted-newspapers_mediafutures_amedia,2023
gudbrandsdoelen_null_null_19660126_43_21_1_MODSMD_ARTICLE132,nn,0.345,Hjertelig takk for gåver og,"['▁H', 'jert', 'elig', '▁takk', '▁for', '▁gå', 'ver', '▁og', '▁oppmerksomhet', '▁på', '▁min', '▁70', '▁års', '▁dag.', '▁Anna', '▁Ang', 'ards', 'li.']", Hjertelig takk for gåver og oppmerksomhet på min 70 års dag. Anna Angardsli.,factual,restricted-newspaper_ocr,1966
VPnld1,nn,0.805,Det er det store spørsmålet,"['▁Det', '▁er', '▁det', '▁store', '▁spørsmål', 'et.', '▁No', '▁er', '▁det', '▁VM', '▁i', '▁Trondheim', '▁neste', '▁sesong', ',', '▁så', '▁OL', '▁med', '▁klassisk', '▁spr', 'int', '▁i', '▁202', '6.', '▁Eg', '▁ser', '▁for', '▁meg', '▁å', '▁hal', 'de', '▁fram', '▁til', '▁det', '▁om', '▁ikkje', '▁noko', '▁skjer,', '▁seier', '▁han', '.\nF', 'redag', '▁frå', '▁11.', '30', '▁er', '▁det', '▁spr', 'int', 'pro', 'log', 'ar.', '▁Fin', 'al', 'ane', '▁start', 'ar', '▁frå', '▁13.', '00.']"," Det er det store spørsmålet. No er det VM i Trondheim neste sesong, så OL med klassisk sprint i 2026. Eg ser for meg å halde fram til det om ikkje noko skjer, seier han.
Fredag frå 11.30 er det sprintprologar. Finalane startar frå 13.00.",factual,restricted-newspapers_mediafutures_schibsted,2023
aaE97,nn,0.487,Mannen er funnet på en,"['▁Mannen', '▁er', '▁funnet', '▁på', '▁en', '▁hytte', '▁i', '▁M', 'eland.', '▁Han', '▁er', '▁fysisk', '▁u', 'skad', 'd,', '▁og', '▁tas', '▁hånd', '▁om', '▁av', '▁politi', 'et,', '▁sier', '▁red', 'ningsl', 'eder', '▁Nil', 's-', 'O', 'le', '▁S', 'unde', '▁ved', '▁Hoved', 'redning', 'ss', 'entralen', '▁i', '▁Sør', '-Norge', '.']"," Mannen er funnet på en hytte i Meland. Han er fysisk uskadd, og tas hånd om av politiet, sier redningsleder Nils-Ole Sunde ved Hovedredningssentralen i Sør-Norge.",factual,restricted-newspapers_mediafutures_schibsted,2010
amedia-7ef97d9cb15e65e8b124c763bcdf7ff8,nn,0.668,Ulykka skjedde ved ei avkøyring,"['▁U', 'ly', 'kka', '▁skjedde', '▁ved', '▁ei', '▁av', 'kø', 'yring', '▁på', '▁Stor', 'haug', '▁i', '▁Klepp', '▁rundt', '▁08.', '30', '▁ty', 'sdag', '▁morg', 'on,', '▁opplyser', '▁politiet', '▁på', '▁staden', '.\n–', '▁Syk', 'listen', '▁kø', 'yr', 'de', '▁inn', '▁person', 'bil', 'en,', '▁som', '▁var', '▁i', '▁ferd', '▁med', '▁å', '▁sv', 'inga', '▁av', '▁fylkes', 'veg', '▁4', '4.', '▁Bil', 'isten', '▁har', '▁hatt', '▁vi', 'ke', 'plikt', '▁frå', '▁hø', 'gre', ',', '▁men', '▁ser', '▁ikkje', '▁ut', '▁til', '▁å', '▁ha', '▁sik', 'ra', '▁seg', '▁godt', '▁nok', '▁i', '▁høve', '▁til', '▁dette,', '▁uttaler', '▁innsats', 'le', 'iar', '▁Trond', '▁Olav', '▁S', 'alte', '▁i', '▁politiet', '.\nS', 'yk', 'list', 'en,', '▁som', '▁er', '▁i', '▁slutten', '▁av', '▁30', '-', 'å', 'ra,', '▁skal', '▁ha', '▁opplyst', '▁at', '▁han', '▁hadde', '▁smerter', '▁i', '▁hovud', 'et', '▁og', '▁n', 'akken', '.\nBil', 'før', 'ar', 'en,', '▁ein', '▁mann', '▁i', '▁50', '-', 'å', 'ra,', '▁fekk', '▁beslag', 'lagt', '▁før', 'ark', 'ort', 'et', '▁og', '▁politiet', '▁har', '▁opprett', 'a', '▁sak.']"," Ulykka skjedde ved ei avkøyring på Storhaug i Klepp rundt 08.30 tysdag morgon, opplyser politiet på staden.
– Syklisten køyrde inn personbilen, som var i ferd med å svinga av fylkesveg 44. Bilisten har hatt vikeplikt frå høgre, men ser ikkje ut til å ha sikra seg godt nok i høve til dette, uttaler innsatsleiar Trond Olav Salte i politiet.
Syklisten, som er i slutten av 30-åra, skal ha opplyst at han hadde smerter i hovudet og nakken.
Bilføraren, ein mann i 50-åra, fekk beslaglagt førarkortet og politiet har oppretta sak.",factual,restricted-newspapers_mediafutures_amedia,2016
qyO6e,nn,0.587,Vi veit nok i dag,"['▁Vi', '▁veit', '▁nok', '▁i', '▁dag', '▁om', '▁mobbing', '▁til', '▁å', '▁gjere', '▁noko', '▁aktiv', 't.', '▁Det', '▁er', '▁ikkje', '▁nødvendig', '▁med', '▁meir', '▁forsk', 'ing', '▁før', '▁vi', '▁kan', '▁sette', '▁i', '▁gang', '▁tiltak', '.\nDet', '▁var', '▁i', '▁nyttår', 'st', 'alen', '▁for', '▁2004', '▁at', '▁statsminister', '▁Kjell', '▁Magne', '▁Bonde', 'vik', '▁brukte', '▁mykje', '▁tid', '▁på', '▁å', '▁snakke', '▁om', '▁mobbing', '▁på', '▁arbeidsplass', 'ane.', '▁Han', '▁inviterte', '▁part', 'ane', '▁i', '▁arbeidslivet', '▁til', '▁å', '▁samarbeide', '▁om', '▁å', '▁utarbeide', '▁konkrete', '▁tiltak.', '▁No', '▁er', '▁handling', 'splanen', '▁godkj', 'end', ',', '▁og', '▁skal', '▁lanser', 'ast', '▁neste', '▁månad', '.', '▁Då', '▁har', '▁det', '▁gått', '▁eitt', '▁år', '▁sidan', '▁tal', 'en.', '▁Nor', 'berg', '▁er', '▁ikkje', '▁im', 'pon', 'ert,', '▁og', '▁heller', '▁ikkje', '▁optim', 'ist', '▁når', '▁det', '▁gjeld', '▁kampan', 'jen', '▁neste', '▁år', '.\n—', '▁Det', '▁er', '▁ikkje', '▁sett', '▁av', '▁øy', 're', 'mer', 'kte', '▁mid', 'lar', '▁mot', '▁mobbing', '▁i', '▁arbeidslivet', '▁i', '▁statsbudsjettet', '▁for', '▁2005,', '▁seier', '▁han', '▁til', '▁BT', '.\nR', 'ett', '▁nok', '▁skal', '▁ei', '▁ekst', 'ral', 'øy', 'ving', '▁på', '▁tj', 'ue', '▁million', 'ar', '▁kroner', '▁delvis', '▁bruk', 'ast', '▁i', '▁kampen', '▁mot', '▁mobbing', '▁på', '▁arbeid', 'spl', 'assen.', '▁Men', '▁peng', 'ane', '▁skal', '▁også', '▁finansiere', '▁nye', '▁oppgå', 'ver', '▁i', '▁samband', '▁med', '▁EØS-', 'ut', 'vid', 'inga', '▁og', '▁problemstilling', 'ar', '▁knytte', '▁til', '▁arbeids', 'inn', 'vandring', '▁og', '▁sosial', '▁dump', 'ing.', '▁Dette', '▁er', '▁ikkje', '▁godt', '▁nok,', '▁meiner', '▁Nor', 'berg.', '▁ý', '▁Regjer', 'inga', '▁gøy', 'mer']"," Vi veit nok i dag om mobbing til å gjere noko aktivt. Det er ikkje nødvendig med meir forsking før vi kan sette i gang tiltak.
Det var i nyttårstalen for 2004 at statsminister Kjell Magne Bondevik brukte mykje tid på å snakke om mobbing på arbeidsplassane. Han inviterte partane i arbeidslivet til å samarbeide om å utarbeide konkrete tiltak. No er handlingsplanen godkjend, og skal lanserast neste månad. Då har det gått eitt år sidan talen. Norberg er ikkje imponert, og heller ikkje optimist når det gjeld kampanjen neste år.
— Det er ikkje sett av øyremerkte midlar mot mobbing i arbeidslivet i statsbudsjettet for 2005, seier han til BT.
Rett nok skal ei ekstraløyving på tjue millionar kroner delvis brukast i kampen mot mobbing på arbeidsplassen. Men pengane skal også finansiere nye oppgåver i samband med EØS-utvidinga og problemstillingar knytte til arbeidsinnvandring og sosial dumping. Dette er ikkje godt nok, meiner Norberg. ý Regjeringa gøymer",factual,restricted-newspapers_mediafutures_schibsted,2004
digibok_2014100907529,nn,0.73,Men du skulde høyrt og,"['▁Men', '▁du', '▁skulde', '▁hø', 'yrt', '▁og', '▁set', '▁då', '▁det', '▁hø', 'ge', '▁tår', 'net', '▁på', '▁fest', 'ninga', '▁ram', 'la', '▁ned,', '▁tok', '▁sjø', 'mannen', '▁til', '▁att', '.', '▁Og', '▁snart', '▁la', 'ut', '▁dei', '▁gje', '▁seg.', '▁G', 'yl', 'den', 'lø', 've', '▁og', '▁off', 'iser', 'ane', '▁hans', '▁stod', '▁utan', 'for', '▁port', 'en', '▁på', '▁fest', 'ninga', '▁då', '▁svensk', 'ane', '▁kom', '▁mars', 'jer', 'ande', '▁ut', '▁og', '▁ned', '▁til', '▁byen,', '▁der', '▁dei', '▁la', '▁vå', 'p', 'na', '▁frå', '▁seg,', '▁sole', 'is', '▁som', '▁avtalen', '▁var.', '▁Der', '▁fekk', '▁vi', '▁80', '▁kan', 'oner', '▁og', '▁so', '▁mang', 't', '▁og', '▁mykje', '▁anna', '▁at', '▁det', '▁ikkje', '▁var', '▁tal', '▁på', '▁det.', '▁', '.\nDe', 'i', '▁friske', '▁fol', 'ka', '▁skulde', '▁fritt', '▁få', '▁mars', 'jer', 'a', '▁til', '▁ei', '▁fest', 'ning', '▁inne', '▁i', '▁landet', '▁her', '▁ein', '▁stad', '.', '▁Men', '▁G', 'yl', 'den', 'lø', 've', '▁sende', '▁dei', '▁heilt', '▁opp', '▁til', '▁Nord', 'land,', '▁til', '▁land', 'esk', 'ilet', '▁der,', '▁og', '▁der', '▁if', 'rå', '▁la', 'ut', '▁dei', '▁gå', '▁heim', 'att.', '▁Det', '▁gjorde', '▁han', '▁for', '▁di', '▁svensk', 'ane', '▁hadde', '▁gjort', '▁dette', '▁f', 'ante', 'stre', 'ket', '▁med', '▁danske', '▁sold', 'atar', '▁som', '▁dei', '▁hadde', '▁te', 'ke', '▁sør', '▁i', '▁Skå', 'ne', '▁ein', '▁stad', '.', '▁Men', '▁vi', '▁sold', 'at', 'ane', '▁som', '▁hadde', '▁vore', '▁med', '▁i', '▁desse', '▁basket', 'ak', 'a,', '▁fekk', '▁ein', '▁dal', 'ar', '▁kvar', ',', '▁og', '▁off', 'iser', 'ane']"," Men du skulde høyrt og set då det høge tårnet på festninga ramla ned, tok sjømannen til att. Og snart laut dei gje seg. Gyldenløve og offiserane hans stod utanfor porten på festninga då svenskane kom marsjerande ut og ned til byen, der dei la våpna frå seg, soleis som avtalen var. Der fekk vi 80 kanoner og so mangt og mykje anna at det ikkje var tal på det. .
Dei friske folka skulde fritt få marsjera til ei festning inne i landet her ein stad. Men Gyldenløve sende dei heilt opp til Nordland, til landeskilet der, og der ifrå laut dei gå heimatt. Det gjorde han for di svenskane hadde gjort dette fantestreket med danske soldatar som dei hadde teke sør i Skåne ein stad. Men vi soldatane som hadde vore med i desse basketaka, fekk ein dalar kvar, og offiserane",fiction,restricted-book,2021
digibok_2013071705067,nn,0.477,Dagen etter var båten til,"['▁Dagen', '▁etter', '▁var', '▁båten', '▁til', '▁Finn', '-M', 'ar', 'ja', '▁borte', '▁fra', '▁ka', 'ia,', '▁og', '▁vi', '▁så', '▁ikke', '▁mer', '▁til', '▁den', '▁hele', '▁den', '▁sommer', 'en,', '▁enda', '▁august', '▁så', '▁vidt', '▁var', '▁begynt', '.\nS', 'ommeren', '▁tok', '▁slutt', '▁og', '▁ferien', '▁med', '▁den,', '▁og', '▁så', '▁kom', '▁høst', 'en.', '▁I', '▁november', '▁ble', '▁sola', '▁bor', 'te,', '▁og', '▁vinteren', '▁var', '▁der,', '▁svart', '▁og', '▁uf', 'ys', 'elig,', '▁til', '▁julen', '▁kom', '▁og', '▁ly', 'ste', '▁litt', '▁opp', '▁for', '▁en', '▁tid.', '▁Januar', '▁sle', 'pt', 'es', 'eg', 'av', 'sted,', '▁februar', '▁kom', '▁med', '▁ny', '▁sol', ',', '▁og', '▁i', '▁mars', '▁var', '▁alt', '▁jub', 'el', '▁og', '▁glede', '▁med', '▁gn', 'ist', 'rende', '▁sk', 'if', 'øre', '▁og', '▁klare', '▁dager,', '▁må', 'nesk', 'inn', 'sk', 'vel', 'der', '▁og', '▁kj', 'el', 'ket', 'urer', '▁og', '▁så', '▁skulle', '▁vi', '▁ha', '▁påske', 'ferie', '▁om', '▁åtte', '▁dager', '!\nDet', '▁ble', '▁en', '▁påske', '▁jeg', '▁se', 'int', '▁skal', '▁glem', 'me,', '▁for', '▁j', 'amen', '▁var', '▁det', '▁på', '▁et', '▁heng', 'ende', '▁hår', '▁at', '▁jeg', '▁ikke', '▁så', 'tte', '▁livet', '▁til', '▁på', '▁lang', 'fred', 'ag', 'skveld', 'en', '▁det', '▁året', '.\nAnt', 'on', '▁Be', 'ch,', '▁Vil', 'helm', '▁Gabri', 'elsen', '▁c', 'g', '▁jeg', '▁hadde', '▁avtalt', '▁at', '▁vi', '▁skulle', '▁gå', '▁den', '▁samme', '▁turen', '▁som', '▁ad', 'junkt', '▁Sven', 'ning', 'sen', '▁gikk', '▁i', '▁fjor', ':', '▁fra', '▁Hans', 'gården', '▁over', '▁fjellet', '▁til', '▁St', 'inn', 'elv', 'dalen', '▁og', '▁tilbake', '▁med']"," Dagen etter var båten til Finn-Marja borte fra kaia, og vi så ikke mer til den hele den sommeren, enda august så vidt var begynt.
Sommeren tok slutt og ferien med den, og så kom høsten. I november ble sola borte, og vinteren var der, svart og ufyselig, til julen kom og lyste litt opp for en tid. Januar sleptesegavsted, februar kom med ny sol, og i mars var alt jubel og glede med gnistrende skiføre og klare dager, måneskinnskvelder og kjelketurer og så skulle vi ha påskeferie om åtte dager!
Det ble en påske jeg seint skal glemme, for jamen var det på et hengende hår at jeg ikke såtte livet til på langfredagskvelden det året.
Anton Bech, Vilhelm Gabrielsen cg jeg hadde avtalt at vi skulle gå den samme turen som adjunkt Svenningsen gikk i fjor: fra Hansgården over fjellet til Stinnelvdalen og tilbake med",fiction,restricted-book,1977
digibok_2010041303027,nn,0.627,Frosken var veldig redd Han,"['▁Fro', 'sken', '▁var', '▁veldig', '▁red', 'd.', '▁Han', '▁låg', '▁i', '▁seng', 'a,', '▁og', '▁han', '▁hø', 'yr', 'de', '▁rare', '▁lyd', 'ar', '▁over', 'alt.', '▁Det', '▁kn', 'ir', 'ka', '▁inne', '▁i', '▁skå', 'pet', '▁og', '▁det', '▁ra', 'sla', '▁under', '▁g', 'olv', 'pl', 'ank', 'ane', '.\nOg', '▁dei', '▁sprang', '▁ut', '▁i', '▁skogen', '.\nDe', 'i', '▁var', '▁svært', '▁and', 'p', 'ust', 'ne', '▁da', '▁dei', '▁endel', 'eg', '▁nådde', '▁fram', '▁til', '▁huset', '▁der', '▁gr', 'isen', '▁bud', 'de.', '▁Dei', '▁ham', 'ra', '▁på', '▁døra', '.\n«', 'Ver', '▁snill', '▁og', '▁sle', 'pp', '▁oss', '▁inn,', '▁gr', 'is.', '▁Det', '▁er', '▁vi', '!»', '▁ro', 'pte', '▁fro', 'sken', '▁og', '▁and', 'a', '.\nG', 'risen', '▁såg', '▁ut', '▁av', '▁vind', 'aug', 'et,', '▁men', '▁såg', '▁ingen', '▁ting', '▁u', 'van', 'leg', '.', '▁«K', 'j', 'ære', '▁gr', 'is,', '▁kan', '▁vi', '▁få', '▁sove', '▁her', '?', '▁Vi', '▁er', '▁så', '▁red', 'de.', '»', '▁«', 'OK', ',', '»', '▁sa', '▁gris', 'en.', '▁«S', 'enga', '▁mi', '▁er', '▁stor', '▁nok.', '▁Og', '▁eg', '▁er', '▁aldri', '▁red', 'd.', '▁Eg', '▁trur', '▁ikkje', '▁på', '▁slikt', '▁sl', 'ud', 'der', '.\n«', 'Dette', '▁er', '▁fint,', '»', '▁tenkte', '▁fro', 'sk', 'en.', '▁«N', 'o', '▁kan', '▁ingen', '▁ting', '▁skje', '.»', '▁Men', '▁dei', '▁fekk', '▁ikkje', '▁sove', '.\nm', 'yst', 'iske', '▁og', '▁skrem', 'm', 'ande', '▁lyd', 'ane', '▁i', '▁skogen', '.\nN', 'este', '▁morgon', '▁gjekk', '▁har', 'en', '▁og', '▁ville', '▁helse', '▁på', '▁fro', 'sken', '▁D', 'ø', 'ra', '▁stod']"," Frosken var veldig redd. Han låg i senga, og han høyrde rare lydar overalt. Det knirka inne i skåpet og det rasla under golvplankane.
Og dei sprang ut i skogen.
Dei var svært andpustne da dei endeleg nådde fram til huset der grisen budde. Dei hamra på døra.
«Ver snill og slepp oss inn, gris. Det er vi!» ropte frosken og anda.
Grisen såg ut av vindauget, men såg ingen ting uvanleg. «Kjære gris, kan vi få sove her? Vi er så redde.» «OK,» sa grisen. «Senga mi er stor nok. Og eg er aldri redd. Eg trur ikkje på slikt sludder.
«Dette er fint,» tenkte frosken. «No kan ingen ting skje.» Men dei fekk ikkje sove.
mystiske og skremmande lydane i skogen.
Neste morgon gjekk haren og ville helse på frosken Døra stod",fiction,restricted-book,1997
digibok_2012121207074,nn,0.701,Goddag karar sagde eg og,"['▁\n', '«', 'G', 'od', 'dag,', '▁kar', 'ar,', '»', '▁sagde', '▁eg', '▁og', '▁ste', 'ig', '▁fram', '▁og', '▁gjekk', '▁bur', 'ta', 'at', '▁ba', 'alet', '.\n«', 'K', 'var', '▁kjem', '▁De', '▁ifra', 'a', '?»', '▁var', '▁det', '▁ein', '▁mor', 'sk', '▁fyr', '▁som', '▁spur', 'de', '.\n«', 'A', 'a', '▁ikkje', '▁fra', 'a', '▁nokon', '▁stad', ',', '»', '▁svara', '▁eg', ',', '▁«', 'eg', '▁var', '▁her', '▁da', 'a', '▁de', '▁kom', '.\n«', 'De', '▁er', '▁vel', '▁ein', '▁av', '▁desse', '▁nordvest', '-sk', 'ytt', 'ar', 'ane,', '▁sp', 'aar', '▁eg', '?\n', '«', 'N', 'ei,', '▁eg', '▁er', '▁berre', '▁ein', '▁van', 'leg', '▁ferd', 'am', 'ann', '.\n«', 'E', 'in', '▁van', 'leg', '▁ferd', 'am', 'ann,', '▁he', '▁—', '▁j', 'au', '▁det', '▁skal', '▁De', '▁faa', '▁oss', '▁til', '▁aa', '▁tru', '.\n«', 'De', '▁fær', '▁tru', '▁som', '▁De', '▁vil', '.»', '▁sagde', '▁eg', ',', '▁«', 'eg', '▁er', '▁ikkje', '▁skuld', 'ig', '▁D', 'ykk', '▁nokon', '▁re', 'ik', 'nes', 'kap', '.', '▁El', 'les', '▁er', '▁det', '▁mi', '▁me', 'ining', '▁at', '▁nordvest', '-', 'laget', '▁kann', '▁vera', '▁li', 'ks', 'o', '▁ær', 'lege', '▁folk', '▁som', '▁det', '▁handel', 'slaget', '▁De', '▁t', 'ener', '.\n«', 'Og', '▁det', '▁va', 'ag', 'ar', '▁De', '▁aa', '▁segja', '▁meg', '▁her', '▁midt', '▁upp', '▁i', '▁syn', 'i', '?»', '▁sagde', '▁fyr', 'en', '▁og', '▁kast', 'a', '▁tr', 'øya', '▁og', '▁gjorde', '▁seg', '▁re', 'ide', '▁til', '▁aa', '▁r', 'ju', 'ka', '▁paa', '▁meg.', '▁Dei', '▁andre', '▁slo', '▁ring', '▁i']"," 
«Goddag, karar,» sagde eg og steig fram og gjekk burtaat baalet.
«Kvar kjem De ifraa?» var det ein morsk fyr som spurde.
«Aa ikkje fraa nokon stad,» svara eg, «eg var her daa de kom.
«De er vel ein av desse nordvest-skyttarane, spaar eg?
«Nei, eg er berre ein vanleg ferdamann.
«Ein vanleg ferdamann, he — jau det skal De faa oss til aa tru.
«De fær tru som De vil.» sagde eg, «eg er ikkje skuldig Dykk nokon reikneskap. Elles er det mi meining at nordvest-laget kann vera likso ærlege folk som det handelslaget De tener.
«Og det vaagar De aa segja meg her midt upp i syni?» sagde fyren og kasta trøya og gjorde seg reide til aa rjuka paa meg. Dei andre slo ring i",fiction,restricted-book,2021
TV2-12411178,nn,0.372,Jeg er ekstremt tilfreds med,"['▁Jeg', '▁er', '▁ekstremt', '▁tilfreds', '▁med', '▁at', '▁vi', '▁har', '▁oppnådd', '▁politiske', '▁enighet', '▁om', '▁en', '▁reform', '▁av', '▁g', 'asse', 'ktor', 'en', '▁i', '▁Ukra', 'ina,', '▁sier', '▁EU-', 'komm', 'isjon', 'ens', '▁president', '▁Jos', 'é', '▁Manu', 'el', '▁Bar', 'ros', 'o', '.\nI', '▁januar', '▁førte', '▁strid', '▁mellom', '▁Russland', '▁og', '▁Ukraina', '▁om', '▁uk', 'ra', 'iner', 'nes', '▁betaling', '▁for', '▁russisk', '▁gass', '▁til', '▁en', '▁to', '▁uker', '▁lang', '▁leverings', 'stopp', '▁som', '▁rammet', '▁flere', '▁land', '▁i', '▁Europa.', '▁(', '©', 'N', 'TB)']"," Jeg er ekstremt tilfreds med at vi har oppnådd politiske enighet om en reform av gassektoren i Ukraina, sier EU-kommisjonens president José Manuel Barroso.
I januar førte strid mellom Russland og Ukraina om ukrainernes betaling for russisk gass til en to uker lang leveringsstopp som rammet flere land i Europa. (©NTB)",newspapers,restricted-newspapers_mediafutures_tv2,2009
amedia-683cecb3523a0492a8977dcc98826dfa,nn,0.54,Det er ei trist melding,"['▁Det', '▁er', '▁ei', '▁trist', '▁melding', '▁å', '▁få', ',', '▁både', '▁for', '▁tilsette', '▁og', '▁be', 'bu', 'ar', 'ar.', '▁Pros', 'essen', '▁med', '▁å', '▁flytta', '▁be', 'bu', 'arar', '▁vil', '▁koma', '▁i', '▁gang', '▁ganske', '▁kj', 'ap', 't,', '▁og', '▁me', '▁har', '▁i', '▁drøft', 'ingar', '▁med', '▁dei', '▁til', 'set', 'te.', '▁Me', '▁har', '▁bemanning', '▁så', '▁lenge', '▁avtalen', '▁gjeld', ',', '▁altså', '▁ut', '▁april,', '▁seier', '▁O', 'sen.', 'F', 'le', 'ire', '▁av', '▁dei', '▁tilsette', '▁har', '▁jobba', '▁ved', '▁mott', 'aket', '▁i', '▁mange', '▁år,', '▁sjølv', '▁har', '▁O', 'sen', '▁vore', '▁der', '▁i', '▁ti', '▁år.', '▁På', '▁mott', 'aket', '▁med', '▁140', '▁plass', 'ar', '▁er', '▁det', '▁også', '▁ein', '▁del', '▁be', 'bu', 'arar', '▁som', '▁er', '▁tett', '▁knytte', '▁til', '▁mott', 'aket', '▁og', '▁lokalsamfunn', 'et.', '-', '▁For', '▁ein', '▁del', '▁av', '▁dei', '▁kan', '▁det', '▁bli', '▁utford', 'rande', '▁å', '▁flytt', 'a,', '▁seier', '▁O', 'sen.', 'H', 'an', '▁har', '▁vore', '▁i', '▁kontakt', '▁med', '▁politisk', '▁lei', 'ing', '▁i', '▁kommunen', '▁om', '▁sak', 'a.', '▁-', '▁Me', '▁har', '▁fått', '▁signal', '▁om', '▁at', '▁Sog', 'ndal', '▁kommune', '▁stiller', '▁opp', '▁viss', '▁det', '▁er', '▁noko', '▁dei', '▁kan', '▁bidra', '▁med,', '▁og', '▁det', '▁set', '▁me', '▁pris', '▁på,', '▁seier', '▁O', 'sen', '.\nO', 'rd', 'før', 'ar', '▁Jar', 'le', '▁Aar', 'voll', '▁(A', 'p)', '▁synes', '▁det', '▁er', '▁leit', '▁at', '▁mott', 'aket', '▁i', '▁kommunen', '▁forsv', 'inn.', '-', '▁Det', '▁er', '▁trist', '.', '▁Dette', '▁er', '▁ein', '▁konsekvens', '▁av', '▁regjer', 'inga', '▁sin']"," Det er ei trist melding å få, både for tilsette og bebuarar. Prosessen med å flytta bebuarar vil koma i gang ganske kjapt, og me har i drøftingar med dei tilsette. Me har bemanning så lenge avtalen gjeld, altså ut april, seier Osen.Fleire av dei tilsette har jobba ved mottaket i mange år, sjølv har Osen vore der i ti år. På mottaket med 140 plassar er det også ein del bebuarar som er tett knytte til mottaket og lokalsamfunnet.- For ein del av dei kan det bli utfordrande å flytta, seier Osen.Han har vore i kontakt med politisk leiing i kommunen om saka. - Me har fått signal om at Sogndal kommune stiller opp viss det er noko dei kan bidra med, og det set me pris på, seier Osen.
Ordførar Jarle Aarvoll (Ap) synes det er leit at mottaket i kommunen forsvinn.- Det er trist. Dette er ein konsekvens av regjeringa sin",newspapers,restricted-newspapers_mediafutures_amedia,2018
J1Wzz7,nn,0.502,Etter forvaltningslova har P4 rett,"['▁Etter', '▁forvalt', 'ningsl', 'ova', '▁har', '▁P', '4', '▁rett', '▁til', '▁innsyn', '▁i', '▁kva', '▁for', '▁faktiske', '▁opplysning', 'ar', '▁departementet', '▁har', '▁lagt', '▁til', '▁grunn', '▁i', '▁saks', 'hand', 'sam', 'ing', 'a.', '▁Det', '▁har', '▁dei', '▁fått', '.', '▁S', 'aka', '▁stiller', '▁seg', '▁ann', 'leis', '▁for', '▁interne', '▁vurdering', 'ar.', '▁I', '▁utgangspunktet', '▁kan', '▁slike', '▁vurder', 'ingar', '▁hald', 'ast', '▁unna', '▁off', 'entleg', '▁innsyn', '.', '▁Om', '▁interne', '▁dokument', '▁og', '▁me', 'in', 'ings', 'bryt', 'ing', '▁mellom', '▁ulike', '▁nivå', '▁i', '▁departementet', '▁vert', '▁off', 'entleg', ',', '▁kan', '▁det', '▁skapa', '▁tvil', '▁om', '▁kva', '▁som', '▁er', '▁departementet', '▁sitt', '▁standpunkt', '.', '▁For', '▁stor', '▁grad', '▁av', '▁dokument', 'inn', 'syn', '▁kan', '▁òg', '▁under', 'grav', 'a', '▁den', '▁graden', '▁av', '▁open', '▁og', '▁skrift', 'leg', '▁kommunikasjon', '▁som', '▁er', '▁ønsk', 'eleg', '▁mellom', '▁ein', '▁statsråd', '▁og', '▁hennar', '▁em', 'bets', 'verk', '.\nE', 'g', '▁trur', '▁at', '▁vi', '▁i', '▁det', '▁materialet', '▁som', '▁er', '▁sendt', '▁P', '4,', '▁har', '▁klart', '▁å', '▁bal', 'anser', 'a', '▁desse', '▁om', 'syn', 'a', '▁på', '▁ein', '▁god', '▁måte', '.\nL', 'ei', 'inga', '▁i', '▁P', '4', '▁har', '▁hev', 'da', '▁at', '▁eg', '▁har', '▁lagt', '▁vekt', '▁på', '▁utan', 'for', 'lig', 'gj', 'ande', '▁om', 'syn', ',', '▁og', '▁«', 'over', 'kjør', 't', '▁mitt', '▁em', 'bets', 'verk', '».', '▁Det', '▁er', '▁stats', 'råden', '▁som', '▁er', '▁ansvar', 'leg', '▁for', '▁vedtak', 'a', '▁til', '▁departement', 'et.', '▁Eg', '▁kan', '▁sjøl', 'vs', 'agt', '▁over', 'prø', 'va', '▁em']"," Etter forvaltningslova har P4 rett til innsyn i kva for faktiske opplysningar departementet har lagt til grunn i sakshandsaminga. Det har dei fått. Saka stiller seg annleis for interne vurderingar. I utgangspunktet kan slike vurderingar haldast unna offentleg innsyn. Om interne dokument og meiningsbryting mellom ulike nivå i departementet vert offentleg, kan det skapa tvil om kva som er departementet sitt standpunkt. For stor grad av dokumentinnsyn kan òg undergrava den graden av open og skriftleg kommunikasjon som er ønskeleg mellom ein statsråd og hennar embetsverk.
Eg trur at vi i det materialet som er sendt P4, har klart å balansera desse omsyna på ein god måte.
Leiinga i P4 har hevda at eg har lagt vekt på utanforliggjande omsyn, og «overkjørt mitt embetsverk». Det er statsråden som er ansvarleg for vedtaka til departementet. Eg kan sjølvsagt overprøva em",newspapers,restricted-newspapers_mediafutures_schibsted,2003
amedia-c3014fc8988dde4b2289dc00ce91df5f,nn,0.472,Det er heilt mindblowing kva,"['▁Det', '▁er', '▁heilt', '▁«', 'm', 'ind', 'bl', 'ow', 'ing', '»', '▁kva', '▁me', '▁har', '▁fått', '▁ut', '▁av', '▁dette.', '▁Det', '▁har', '▁fått', '▁mer', 'ks', 'em', 'd', '▁både', '▁innan', 'lands', '▁og', '▁utan', 'land', 's.', '▁Me', '▁har', '▁klart', '▁å', '▁sett', 'a', '▁søk', 'ely', 'set', '▁på', '▁eit', '▁tema', '▁det', '▁ikkje', '▁var', '▁mer', 'ks', 'em', 'd', '▁på', '▁før,', '▁seier', '▁h', 'o,', '▁og', '▁sik', 'ter', '▁til', '▁at', '▁sak', 'a', '▁mellom', '▁anna', '▁har', '▁v', 'orte', '▁diskutert', '▁på', '▁Stortinget', '.\nDet', '▁skjedde', '▁då', '▁Ra', 'ud', 't', '-', 'representant', '▁Sofie', '▁Mar', 'haug', '▁krav', 'de', '▁svar', '▁frå', '▁næringsm', 'inister', 'en', '▁i', '▁form', '▁av', '▁eit', '▁skrift', 'leg', '▁spørsmål', '▁på', '▁Stortinget', '.\nI', '▁det', '▁a', 'ksjonen', '▁avslutt', 'ast', '▁får', '▁demonstr', 'ant', 'ane', '▁og', '▁veta', '▁om', '▁eit', '▁anna', '▁konkret', '▁resultat.', '▁Equ', 'inor', '▁har', '▁sagt', '▁ja', '▁til', '▁eit', '▁møte', '▁med', '▁to', '▁av', '▁demonstr', 'ant', 'ane', '▁i', '▁Oslo', '▁først', 'komm', 'ande', '▁fredag', '.\nDen', '▁berg', 'enske', '▁Green', 'pe', 'ace', '-', 'dem', 'on', 'str', 'anten', '▁er', '▁ei', '▁av', '▁dei', '▁som', '▁set', '▁kursen', '▁til', '▁Oslo', '▁for', '▁å', '▁mø', 'ta', '▁ol', 'jes', 'elskapet', '.\n–', '▁Det', '▁sy', 'nest', '▁me', '▁er', '▁veldig', '▁spenn', 'ande,', '▁seier', '▁Helle', '.\nM', 'agn', 'us', '▁Fr', 'ant', 'zen', '▁Eid', 'svold', '▁i', '▁Equ', 'inor', '▁si', '▁presse', 'avdeling', '▁ser', '▁på', '▁det', '▁kommande', '▁møtet', '▁med', '▁Green', 'pe', 'ace', '▁primært', '▁som', '▁eit', '▁informasjon', 'smøte']"," Det er heilt «mindblowing» kva me har fått ut av dette. Det har fått merksemd både innanlands og utanlands. Me har klart å setta søkelyset på eit tema det ikkje var merksemd på før, seier ho, og sikter til at saka mellom anna har vorte diskutert på Stortinget.
Det skjedde då Raudt-representant Sofie Marhaug kravde svar frå næringsministeren i form av eit skriftleg spørsmål på Stortinget.
I det aksjonen avsluttast får demonstrantane og veta om eit anna konkret resultat. Equinor har sagt ja til eit møte med to av demonstrantane i Oslo førstkommande fredag.
Den bergenske Greenpeace-demonstranten er ei av dei som set kursen til Oslo for å møta oljeselskapet.
– Det synest me er veldig spennande, seier Helle.
Magnus Frantzen Eidsvold i Equinor si presseavdeling ser på det kommande møtet med Greenpeace primært som eit informasjonsmøte",newspapers,restricted-newspapers_mediafutures_amedia,2023
amedia-cb23c57999ae08fd08de5bea9cf8043c,nn,0.639,Men eg er ikkje van,"['▁Men', '▁eg', '▁er', '▁ikkje', '▁van', '▁med', '▁å', '▁syn', 'ga', '▁fram', 'føre', '▁folk', '▁på', '▁denne', '▁måt', 'en.', '▁Eg', '▁har', '▁ikkje', '▁så', '▁veldig', '▁god', '▁song', 'stem', 'me,', '▁meir', '▁ein', '▁typisk', '▁g', 'ute', 'stem', 'me,', '▁pe', 'ikar', '▁han', '▁på', '.\nNå', '▁g', 'ler', '▁han', '▁seg', '▁til', '▁å', '▁visa', '▁musik', 'alen', '▁fram', 'føre', '▁publikum', '▁heile', '▁åtte', '▁gong', 'ar', '▁i', '▁neste', '▁ve', 'ke.', '▁10.', '-', 'klass', 'ing', 'ane', '▁på', '▁T', 'US', '▁spel', 'er', '▁fire', '▁skule', 'fram', 'sy', 'ningar', '▁og', '▁fire', '▁kveld', 'sf', 'ram', 'sy', 'ningar', '▁onsdag', '▁og', '▁torsdag', '.\n–', '▁Eg', '▁trur', '▁folk', '▁kjem', '▁til', '▁å', '▁syn', 'ast', '▁at', '▁det', '▁er', '▁kult', '▁og', '▁løy', 'e,', '▁og', '▁så', '▁håper', '▁eg', '▁dei', '▁også', '▁sy', 'nest', '▁det', '▁er', '▁kjekt', '▁å', '▁sjå', '▁på,', '▁seier', '▁Gustav', '▁St', 'ople', '.\nS', 'jøl', 'v', '▁g', 'ler', '▁han', '▁seg', '▁mest', '▁til', '▁å', '▁fram', 'fø', 'ra', '▁«G', 're', 'ase', '▁Light', 'ning', '»', '▁saman', '▁med', '▁g', 'ute', 'gjeng', 'en', '.\n–', '▁Tr', 'ur', '▁du', '▁det', '▁er', '▁noko', '▁mor', 'a', '▁di', '▁kjem', '▁til', '▁å', '▁bli', '▁overra', 'ska', '▁over', '▁når', '▁ho', '▁ser', '▁musik', 'alen', '?\n–', '▁Det', '▁er', '▁mykje', '▁ho', 'fter', 'ør', 'sler', '▁og', '▁seksuelle', '▁gre', 'ier,', '▁svarer', '▁15', '-åringen', '.\nK', 'ar', 'ina', '▁Gro', 'th', '▁Ler', 'st', 'øl', '▁(16)', '▁var', '▁heilt', '▁bomb', 'es', 'ikker', '▁–', '▁Ho', '▁ville', '▁i', '▁alle', '▁fall', '▁ikkje', '▁stå']"," Men eg er ikkje van med å synga framføre folk på denne måten. Eg har ikkje så veldig god songstemme, meir ein typisk gutestemme, peikar han på.
Nå gler han seg til å visa musikalen framføre publikum heile åtte gongar i neste veke. 10.-klassingane på TUS speler fire skuleframsyningar og fire kveldsframsyningar onsdag og torsdag.
– Eg trur folk kjem til å synast at det er kult og løye, og så håper eg dei også synest det er kjekt å sjå på, seier Gustav Stople.
Sjølv gler han seg mest til å framføra «Grease Lightning» saman med gutegjengen.
– Trur du det er noko mora di kjem til å bli overraska over når ho ser musikalen?
– Det er mykje hofterørsler og seksuelle greier, svarer 15-åringen.
Karina Groth Lerstøl (16) var heilt bombesikker – Ho ville i alle fall ikkje stå",newspapers,restricted-newspapers_mediafutures_amedia,2023
bLX4e,nn,0.744,Det finst i alle fall,"['▁Det', '▁fin', 'st', '▁i', '▁alle', '▁fall', '▁é', 'in', '▁slik', '▁bok', 'handel', '▁her', '▁i', '▁landet,', '▁i', '▁Oslo.', '▁O', 'ffer', 'et', '▁i', '▁histor', 'ia.', '▁Den', '▁he', 'iter', '▁T', 'ron', 'sm', 'o.', '▁Land', 'ets', '▁beste.', '▁M', 'ord', 'ar', 'en,', '▁eig', 'edom', 'sselskap', 'et,', '▁he', 'iter', '▁En', 'tra', '.\nMen', '▁kor', '▁er', '▁den', '▁u', 'kor', 'rup', 'te', '▁politim', 'annen', '▁som', '▁skal', '▁stoppe', '▁m', 'ord', 'ar', 'en,', '▁ta', '▁skal', 'pen', '▁hans', '▁så', '▁å', '▁se', 'ie', '?', '▁Den', '▁litt', '▁slit', 'ne', '▁politim', 'annen', '▁med', '▁tred', 'ag', 'ars', 'skj', 'egg', 'et,', '▁han', '▁som', '▁drikk', '▁litt', '▁for', '▁mykje', '▁wh', 'isk', 'y', '▁og', '▁har', '▁problem', '▁på', '▁heim', 'ef', 'ront', 'en?', '\nK', 'anskje', '▁ingen', '▁stad', '.', '▁Kanskje', '▁like', '▁i', '▁nær', 'leik', 'en.', '▁Vi', '▁må', '▁berre', '▁tru', '▁at', '▁han', '▁fin', 'st', '▁ein', '▁stad', ',', '▁at', '▁han', '▁vil', '▁ordne', '▁opp.', '▁El', 'les', '▁kan', '▁vi', '▁berre', '▁gi', '▁opp', '▁alt', '.\nMen', '▁god', '▁påske', '▁iall', 'fall', '.', '▁Den', '▁kan', '▁tru', 'leg', '▁ingen', '▁ta', '▁frå', '▁oss.']"," Det finst i alle fall éin slik bokhandel her i landet, i Oslo. Offeret i historia. Den heiter Tronsmo. Landets beste. Mordaren, eigedomsselskapet, heiter Entra.
Men kor er den ukorrupte politimannen som skal stoppe mordaren, ta skalpen hans så å seie? Den litt slitne politimannen med tredagarsskjegget, han som drikk litt for mykje whisky og har problem på heimefronten?
Kanskje ingen stad. Kanskje like i nærleiken. Vi må berre tru at han finst ein stad, at han vil ordne opp. Elles kan vi berre gi opp alt.
Men god påske iallfall. Den kan truleg ingen ta frå oss.",newspapers,restricted-newspapers_mediafutures_schibsted,2015
amedia-82e6f93ddf24ea4045ef91101e1b60c5,nn,0.537,Nokre kommunar får midlar til,"['▁Nok', 're', '▁kommun', 'ar', '▁får', '▁mid', 'lar', '▁til', '▁samarbeid', 'sprosjekt', '▁som', '▁omfatt', 'ar', '▁fleire', '▁kommun', 'ar,', '▁he', 'iter', '▁det', '▁i', '▁ei', '▁pressemelding', '▁frå', '▁Kultur', 'departementet', '.\nM', 'id', 'lane', '▁til', '▁Den', '▁kulturelle', '▁sp', 'aser', 'st', 'okken', '▁blir', '▁delt', '▁ut', '▁etter', '▁søknad', '▁frå', '▁kommun', 'ane,', '▁og', '▁nær', '▁alle', '▁kommun', 'ane', '▁i', '▁Sogn', '▁og', '▁Fjordane', '▁får', '▁peng', 'ar.', '▁Totalt', '▁får', '▁fylket', '▁vårt', '▁1,3', '▁mill.', '▁av', '▁dei', '▁totalt', '▁nær', '▁30', '▁million', 'ane', '▁som', '▁blir', '▁delt', '▁ut', '▁til', '▁3', '21', '▁kommun', 'ar', '▁i', '▁landet.', '▁Av', '▁dette', '▁går', '▁1', '▁million', '▁kroner', '▁til', '▁Pensjon', 'ist', 'forbundet', '▁sitt', '▁arbeid', '▁med', '▁kultur', '▁for', '▁eldre', '.']"," Nokre kommunar får midlar til samarbeidsprosjekt som omfattar fleire kommunar, heiter det i ei pressemelding frå Kulturdepartementet.
Midlane til Den kulturelle spaserstokken blir delt ut etter søknad frå kommunane, og nær alle kommunane i Sogn og Fjordane får pengar. Totalt får fylket vårt 1,3 mill. av dei totalt nær 30 millionane som blir delt ut til 321 kommunar i landet. Av dette går 1 million kroner til Pensjonistforbundet sitt arbeid med kultur for eldre.",newspapers,restricted-newspapers_mediafutures_amedia,2012
amedia-2cd03d6212182caa7100525bc562088f,nn,0.759,På eit tidspunkt såg det,"['▁På', '▁eit', '▁tidspunkt', '▁såg', '▁det', '▁ut', '▁til', '▁at', '▁det', '▁var', '▁få', '▁aktuelle', '▁kandidat', 'ar,', '▁og', '▁då', '▁tenkte', '▁eg', '▁at', '▁det', '▁ville', '▁vere', '▁bra', '▁om', '▁eg', '▁stil', 'te.', '▁Men', '▁no', '▁har', '▁det', '▁komme', '▁fleire', '▁namn', '▁å', '▁vel', 'je', '▁mellom', ',', '▁og', '▁då', '▁tykk', 'jer', '▁eg', '▁det', '▁er', '▁gre', 'itt', '▁å', '▁tre', 'kkje', '▁seg,', '▁seier', '▁han.']"," På eit tidspunkt såg det ut til at det var få aktuelle kandidatar, og då tenkte eg at det ville vere bra om eg stilte. Men no har det komme fleire namn å velje mellom, og då tykkjer eg det er greitt å trekkje seg, seier han.",newspapers,restricted-newspapers_mediafutures_amedia,2012
amedia-a215eec5dff385b91e812d3575fc52bf,nn,0.689,Fredag skreiv Bergens Tidende at,"['▁Fredag', '▁skre', 'iv', '▁Bergens', '▁Tidende', '▁at', '▁politiet', '▁har', '▁lagt', '▁vekk', '▁sak', 'a', '.\nB', 'rot', '▁på', '▁smittevern', 'reg', 'lane', '▁kan', '▁gi', '▁15.', '000', '▁kroner', '▁i', '▁bot', '▁eller', '▁15', '▁dagar', '▁fengsel', '.', '▁Det', '▁er', '▁to', '▁på', 'lag', 'de', '▁tilfelle', '▁for', '▁kar', 'antene', ':', '▁Når', '▁ein', '▁kjem', '▁til', '▁Norge', '▁frå', '▁ut', 'landet,', '▁samt', '▁for', '▁dei', '▁som', '▁har', '▁vore', '▁i', '▁nær', 'kontakt', '▁med', '▁ein', '▁person', '▁som', '▁har', '▁fått', '▁påvist', '▁sm', 'it', 'te.', '▁Ifølge', '▁F', 'HI', '▁skal', '▁person', 'ar', '▁som', '▁v', 'entar', '▁på', '▁prø', 'ves', 'var', '▁vera', '▁i', '▁he', 'ime', 'isol', 'asjon', '▁for', '▁å', '▁unngå', '▁å', '▁smitt', 'a', '▁andre.']"," Fredag skreiv Bergens Tidende at politiet har lagt vekk saka.
Brot på smittevernreglane kan gi 15.000 kroner i bot eller 15 dagar fengsel. Det er to pålagde tilfelle for karantene: Når ein kjem til Norge frå utlandet, samt for dei som har vore i nærkontakt med ein person som har fått påvist smitte. Ifølge FHI skal personar som ventar på prøvesvar vera i heimeisolasjon for å unngå å smitta andre.",newspapers,restricted-newspapers_mediafutures_amedia,2020
digibok_2013111808098,nn,0.617,Erklæring frå lege om tilstanden,"['▁Er', 'klæring', '▁frå', '▁lege', '▁om', '▁tilstanden', '▁til', '▁test', 'ator', '▁bør', '▁legg', 'jast', '▁ved', '▁test', 'ament', '▁frå', '▁nokon', '▁som', '▁er', '▁um', 'ynd', 'ig', 'gj', 'ord', '▁eller', '▁har', '▁fått', '▁opp', 'nevnt', '▁hjelpe', 'ver', 'ge', '▁etter', '▁ver', 'g', 'emål', 'sloven', '▁§', '▁90', '▁a.', '▁1', '▁End', 'ra', '▁med', '▁lov', '▁24', '▁juni', '▁1988', '▁nr.', '▁6', '5.', '▁-', '▁J', 'fr.', '▁§§', '▁56', '▁og', '▁57', '.\n2', '▁J', 'fr.', '▁kap.', '▁IV', '.', '▁J', 'fr.', '▁og', '▁Grunn', 'l.', '▁§', '▁108', '▁og', '▁lov', '▁23', '▁juni', '▁18', '88', '▁nr.', '▁3', '▁§', '▁13', '▁3', '▁Just', 'is', 'departementet,', '▁etter', '▁re', 's.', '▁23', '▁juni', '▁197', '2.', '▁4', '▁Sj', 'å', '▁lov', '▁28', '▁nov', '▁18', '98', '.\n§', '▁4', '9.', '▁1', '▁Når', '▁ikkje', '▁anna', '▁er', '▁fast', 'sett', '▁i', '▁dette', '▁kapit', 'let,', '▁skal', '▁test', 'ament', '▁gjer', 'ast', '▁skrift', 'leg', '▁med', '▁to', '▁vitner', '▁som', '▁test', 'ator', '▁har', '▁godt', 'att', '▁og', '▁som', '▁er', '▁til', '▁stad', 'es', '▁saman', '▁og', '▁veit', '▁at', '▁dokumentet', '▁skal', '▁vere', '▁test', 'ament', '.', '▁Test', 'ator', '▁skal', ',', '▁medan', '▁dei', '▁er', '▁til', '▁stad', 'es,', '▁skrive', '▁under', '▁dokumentet', '▁eller', '▁ved', 'kj', 'enne', '▁seg', '▁under', 'skrift', 'a.', '▁Vit', 'na', '▁skal', '▁skrive', '▁nam', 'na', '▁sine', '▁på', '▁dokumentet', '▁medan', '▁test', 'ator', '▁er', '▁til', '▁stad', 'es', '▁og', '▁etter', '▁hans', '▁ønske', '.\nL', 'oven', '▁er', '▁ikkje', '▁til', '▁hinder', '▁for', '▁at', '▁fleire', '▁person', 'ar', '▁gjer', '▁felles']"," Erklæring frå lege om tilstanden til testator bør leggjast ved testament frå nokon som er umyndiggjord eller har fått oppnevnt hjelpeverge etter vergemålsloven § 90 a. 1 Endra med lov 24 juni 1988 nr. 65. - Jfr. §§ 56 og 57.
2 Jfr. kap. IV. Jfr. og Grunnl. § 108 og lov 23 juni 1888 nr. 3 § 13 3 Justisdepartementet, etter res. 23 juni 1972. 4 Sjå lov 28 nov 1898.
§ 49. 1 Når ikkje anna er fastsett i dette kapitlet, skal testament gjerast skriftleg med to vitner som testator har godtatt og som er til stades saman og veit at dokumentet skal vere testament. Testator skal, medan dei er til stades, skrive under dokumentet eller vedkjenne seg underskrifta. Vitna skal skrive namna sine på dokumentet medan testator er til stades og etter hans ønske.
Loven er ikkje til hinder for at fleire personar gjer felles",nonfiction,restricted-book,1993
digibok_2017052407060,nn,0.773,Nei eg ser ikkje anna,"['▁Nei,', '▁eg', '▁ser', '▁ikkje', '▁anna', '▁enn', '▁himmelen', '▁og', '▁ville', '▁fjell', 'et,', '»', '▁sa', '▁kong', 'sd', 'otter', 'a', '.\nD', 'å', '▁dei', '▁kom', '▁høg', 'are', '▁opp,', '▁vart', '▁fjellet', '▁slett', 'are,', '▁slik', '▁at', '▁dei', '▁kunne', '▁sjå', '▁vidare', '▁i', 'kring', '▁seg', '.\n«', 'J', 'a,', '▁eg', '▁ser', '▁eit', '▁lite', '▁slott', '▁langt,', '▁langt', '▁bor', 'te,', '»', '▁sa', '▁kong', 'sd', 'otter', 'a', '.\n«', 'Det', '▁er', '▁nok', '▁ikkje', '▁så', '▁lite', ',', '▁det,', '»', '▁sa', '▁st', 'uten', '.\n«', 'D', 'it', '▁skal', '▁du,', '»', '▁sa', '▁st', 'ut', 'en.', '▁«', 'St', 'raks', '▁nedan', 'for', '▁slott', 'et', '▁er', '▁det', '▁eit', '▁gr', 'ise', 'hus,', '▁og', '▁der', '▁skal', '▁du', '▁ver', 'a.', '▁Når', '▁du', '▁kjem', '▁dit', ',', '▁finn', '▁du', '▁ein', '▁tre', 'st', 'akk', '▁der.', '▁Den', '▁skal', '▁du', '▁ta', '▁på', '▁deg,', '▁og', '▁gå', '▁fram', '▁til', '▁slott', 'et', '▁og', '▁se', 'ia', '▁at', '▁du', '▁he', 'iter', '▁Kari', '▁T', 'rest', 'akk', ',', '▁og', '▁be', '▁om', '▁t', 'eneste', '.', '▁Men', '▁no', '▁skal', '▁du', '▁ta', '▁den', '▁ves', 'le', '▁kn', 'iven', '▁din', '▁og', '▁skjer', 'a', '▁hovud', 'et', '▁av', '▁meg', '▁med', ';', '▁så', '▁skal', '▁du', '▁fl', 'å', '▁meg', '▁og', '▁rul', 'la', '▁i', '▁hop', '▁hud', 'a', '▁og', '▁leggja', '▁henne', '▁under', '▁berg', 'veg', 'gen', '▁der,', '▁og', '▁inne', '▁i', '▁hud', 'a', '▁skal', '▁du', '▁leggja', '▁kop', 'ar', 'bladet', '▁og', '▁sølv', 'bladet', '▁og', '▁g', 'ulle', 'pl', 'et.', '▁B']"," Nei, eg ser ikkje anna enn himmelen og ville fjellet,» sa kongsdottera.
Då dei kom høgare opp, vart fjellet slettare, slik at dei kunne sjå vidare ikring seg.
«Ja, eg ser eit lite slott langt, langt borte,» sa kongsdottera.
«Det er nok ikkje så lite, det,» sa stuten.
«Dit skal du,» sa stuten. «Straks nedanfor slottet er det eit grisehus, og der skal du vera. Når du kjem dit, finn du ein trestakk der. Den skal du ta på deg, og gå fram til slottet og seia at du heiter Kari Trestakk, og be om teneste. Men no skal du ta den vesle kniven din og skjera hovudet av meg med; så skal du flå meg og rulla i hop huda og leggja henne under bergveggen der, og inne i huda skal du leggja koparbladet og sølvbladet og gulleplet. B",nonfiction,restricted-book,2021
digibok_2013013106095,nn,0.814,Eg prøvde å snu hingsten,"['▁Eg', '▁prøvde', '▁å', '▁snu', '▁h', 'ing', 'sten,', '▁men', '▁sold', 'at', 'ane', '▁re', 'id', '▁hest', 'ane', '▁sine', '▁så', '▁tett', '▁inn', 'åt', '▁at', '▁eg', '▁fekk', '▁ikkje', '▁gjort', '▁det.', '▁Den', '▁eldste', '▁tøy', 'g', 'de', '▁seg', '▁fram', '▁og', '▁ville', '▁riv', 'a', '▁ta', 'um', 'ane', '▁frå', '▁meg', '▁då', '▁han', '▁med', '▁eitt', '▁sette', '▁i', '▁eit', '▁sk', 'rik', '▁så', '▁ein', '▁skulle', '▁tru', '▁hin', 'mannen', '▁hadde', '▁sett', '▁kl', 'ør', 'ne', '▁i', '▁han', '.\nSå', '▁g', 'ale', '▁var', '▁det', '▁ikkje', ',', '▁men', '▁det', '▁sve', 'id', '▁nok', '▁då', '▁h', 'ing', 'sten', '▁sette', '▁tenn', 'ene', '▁i', '▁l', 'året', '▁på', '▁han', '▁og', '▁be', 'it', '▁til.', '▁Sk', 'ri', 'ket', '▁sette', '▁slik', '▁stø', 'kk', '▁i', '▁hesten', '▁hans', '▁at', '▁han', '▁sk', 'v', 'att', '▁til', '▁sid', 'es,', '▁og', '▁eg', '▁fekk', '▁open', '▁veg', '▁framover', '.\nH', 'ing', 'sten', '▁kn', 'eg', 'gja', '▁hø', 'gt', '▁og', '▁reiste', '▁seg', '▁på', '▁bak', 'f', 'øt', 'ene,', '▁medan', '▁hov', 'ane', '▁på', '▁fram', 'f', 'øt', 'ene', '▁slo', '▁i', '▁luft', 'a', '▁liksom', '▁han', '▁ville', '▁kli', 'va', '▁be', 'int', '▁til', '▁himmel', 's.', '▁Eg', '▁held', 't', '▁mest', '▁på', '▁å', '▁detta', '▁av', '.\n—', '▁Av', '▁stad', '!', '▁ro', 'pte', '▁eg', '▁og', '▁sl', 'akka', '▁på', '▁ta', 'um', 'ane.', '▁Og', '▁av', '▁stad', '▁bar', '▁det,', '▁så', '▁fort', '▁at', '▁eg', '▁kj', 'ende', '▁meg', '▁trygg', '▁på', '▁frå', '▁kul', 'ene', '▁dei', 'ra', '.\nD', 'å', '▁eg', '▁var', '▁nokre']"," Eg prøvde å snu hingsten, men soldatane reid hestane sine så tett innåt at eg fekk ikkje gjort det. Den eldste tøygde seg fram og ville riva taumane frå meg då han med eitt sette i eit skrik så ein skulle tru hinmannen hadde sett klørne i han.
Så gale var det ikkje, men det sveid nok då hingsten sette tennene i låret på han og beit til. Skriket sette slik støkk i hesten hans at han skvatt til sides, og eg fekk open veg framover.
Hingsten kneggja høgt og reiste seg på bakføtene, medan hovane på framføtene slo i lufta liksom han ville kliva beint til himmels. Eg heldt mest på å detta av.
— Av stad! ropte eg og slakka på taumane. Og av stad bar det, så fort at eg kjende meg trygg på frå kulene deira.
Då eg var nokre",nonfiction,restricted-book,2021
digibok_2016063008081,nn,0.437,Sjølv om kvantitative data manglar,"['▁Sjø', 'lv', '▁om', '▁kvant', 'it', 'ative', '▁data', '▁mang', 'lar,', '▁tyder', '▁Coll', 'ett', '▁(19', '21', ')', '▁si', '▁beskriv', 'ing', '▁på', '▁at', '▁det', '▁har', '▁skjedd', '▁regionale', '▁endring', 'ar', '▁av', '▁den', '▁norske', '▁best', 'anden', '▁dei', '▁siste', '▁hundre', 'å', 'ra.', '▁Dette', '▁er', '▁mest', '▁markert', '▁på', '▁Aust', 'landet,', '▁der', '▁tilbake', 'gangen', '▁var', '▁ty', 'deleg', '▁al', 'lere', 'ie', '▁på', '▁1800', '▁-', '▁tal', 'et,', '▁og', '▁han', '▁er', '▁i', '▁dag', '▁borte', '▁frå', '▁område', '▁der', '▁han', '▁var', '▁regelmessig', '▁tidleg', '▁på', '▁1900', '▁-', '▁tal', 'et.', '▁År', 'sak', 'a', '▁er', '▁høg', 'st', '▁sannsyn', 'leg', '▁reduksjon', '▁av', '▁eig', 'na', '▁la', 'uv', 'hab', 'itat', '▁pga.', '▁intens', 'ivert', '▁skog', 'sdrift', '▁(C', 'oll', 'ett', '▁19', '21,', '▁Gjer', 'de', '▁et', '▁al.', '▁1992', ').', '▁Are', 'alet', '▁la', 'uv', 'dom', 'inert', '▁skog', '▁i', '▁lands', 'delen', '▁har', '▁gått', '▁tilbake', '▁med', '▁ca', '▁20%', '▁berre', '▁sidan', '▁1960', '▁-', '▁tal', 'et', '▁(G', 'jer', 'de', '▁et', '▁al.', '▁1992', ').', '▁På', '▁lengre', '▁sikt', '▁har', '▁tru', 'leg', '▁og', '▁redusert', '▁skog', 'br', 'ann', 'frekvens', '▁medvir', 'ka', '▁til', '▁min', 'ka', '▁oppslag', '▁av', '▁o', 'sp', '▁og', '▁bjør', 'k', '▁etter', '▁brann', '▁(', 'sj', 'å', '▁t.d.', '▁A', 'ul', 'én', '▁1986', ').', '▁Sjø', 'lv', '▁om', '▁denne', '▁fakt', 'oren', '▁har', '▁påvir', 'ka', '▁hab', 'itat', 'vil', 'k', 'åra', '▁for', '▁kv', 'it', 'rygg', 'sp', 'etten', '▁i', '▁eit', '▁hundre', 'år', 's-', 'per', 'spektiv', ',', '▁fin']"," Sjølv om kvantitative data manglar, tyder Collett (1921) si beskriving på at det har skjedd regionale endringar av den norske bestanden dei siste hundreåra. Dette er mest markert på Austlandet, der tilbakegangen var tydeleg allereie på 1800 - talet, og han er i dag borte frå område der han var regelmessig tidleg på 1900 - talet. Årsaka er høgst sannsynleg reduksjon av eigna lauvhabitat pga. intensivert skogsdrift (Collett 1921, Gjerde et al. 1992). Arealet lauvdominert skog i landsdelen har gått tilbake med ca 20% berre sidan 1960 - talet (Gjerde et al. 1992). På lengre sikt har truleg og redusert skogbrannfrekvens medvirka til minka oppslag av osp og bjørk etter brann (sjå t.d. Aulén 1986). Sjølv om denne faktoren har påvirka habitatvilkåra for kvitryggspetten i eit hundreårs-perspektiv, fin",nonfiction,restricted-book,2021
digibok_2013013105032,nn,0.623,Her kjem eg til å,"['▁Her', '▁kjem', '▁eg', '▁til', '▁å', '▁få', '▁mykje', '▁fisk,', '▁tenkte', '▁han', '▁glad', '.\n-', '▁Frå', '▁denne', '▁båten', '▁får', '▁eg', '▁sikkert', '▁mange', '▁fisk,', '▁tenkte', '▁han', '▁nøg', 'd', '.\n', 'tre', '▁og', '▁d', 'ing', 'la', '▁med', '▁fø', 'tene', '▁ned', 'i', '▁vat', 'net', '.\n', 'tre', 'st', 'am', 'me,', '▁og', '▁den', '▁sjette', '▁br', 'oren', '▁stilte', '▁seg', '▁heilt', '▁i', '▁vas', 'sk', 'ant', 'en.', '▁Alle', '▁br', 'ør', 'ne', '▁var', '▁sikre', '▁på', '▁å', '▁få', '▁fisk', '.\n', 'kro', 'kod', 'ill', 'a.', '▁Då', '▁ro', 'pte', '▁han', '▁til', '▁br', 'ør', 'ne', '▁sine', ':\n-', '▁Sj', 'å', '▁opp', '▁for', '▁kro', 'kod', 'illa', '!', '\nIngen', '▁av', '▁br', 'ør', 'ne', '▁hø', 'yr', 'de', '▁etter', '.\n|', '▁gr', '»', '▁Hi', '▁;', '▁i', ']', '▁/', '▁M', 'er,', '▁Å', '▁fiske', '.', '▁Alle', '▁ville', '▁vere', '▁den', '▁som', '▁hadde', '▁fått', '▁flest', '▁fisk', '.\n', 'best', 'emte', '▁br', 'ør', 'ne', '▁seg', '▁for', '▁å', '▁gå', '▁heim', '.\n', 'fisk', '▁dei', '▁hadde', '▁fått', '.\n', 'vere', '▁trygg', '▁på', '.\n', 'om', '▁alle', '▁seks', '▁er', '▁her', '.\n-', '▁E', 'in,', '▁to,', '▁tre,', '▁fire', ',', '▁fem', '.', '▁Det', '▁stemmer', '▁jo', '▁ikkje', '!', '▁Han', '▁tal', 'de', '▁ein', '▁gong', '▁til,', '▁men', '▁kom', '▁berre', '▁til', '▁fem', '.', '▁-', '▁Hjelp', ',', '▁vi', '▁er', '▁berre', '▁fem', '!', '▁ro', 'pte', '▁han', '.\n-', '▁Er', '▁du', '▁sikker', '?', '▁La', '▁meg', '▁tel', 'je', '.\nI', '▁og', '▁byr', 'ja', '▁å', '▁tel', 'je.', '▁Han', '▁kom']"," Her kjem eg til å få mykje fisk, tenkte han glad.
- Frå denne båten får eg sikkert mange fisk, tenkte han nøgd.
tre og dingla med føtene nedi vatnet.
trestamme, og den sjette broren stilte seg heilt i vasskanten. Alle brørne var sikre på å få fisk.
krokodilla. Då ropte han til brørne sine:
- Sjå opp for krokodilla!
Ingen av brørne høyrde etter.
| gr» Hi ; i] / Mer, Å fiske. Alle ville vere den som hadde fått flest fisk.
bestemte brørne seg for å gå heim.
fisk dei hadde fått.
vere trygg på.
om alle seks er her.
- Ein, to, tre, fire, fem. Det stemmer jo ikkje! Han talde ein gong til, men kom berre til fem. - Hjelp, vi er berre fem! ropte han.
- Er du sikker? La meg telje.
I og byrja å telje. Han kom",translated,restricted-book,2021
digibok_2020032007043,nn,0.744,Saulus hadde lært om det,"['▁Sa', 'ul', 'us', '▁hadde', '▁lært', '▁om', '▁det', '▁som', '▁stod', '▁i', '▁dei', '▁heil', 'age', '▁skrift', 'ene.', '▁Han', '▁hadde', '▁vore', '▁lenge', '▁i', '▁Jerusale', 'm', '▁for', '▁å', '▁bli', '▁skrift', 'lær', 'd.', '▁Han', '▁hadde', '▁gått', '▁i', '▁skule', '▁hos', '▁den', '▁beste', '▁lær', 'aren', '▁der', '.\nN', 'o', '▁var', '▁Sa', 'ul', 'us', '▁opprør', 't', '▁og', '▁sin', 't.', '▁Lære', 'sve', 'in', 'ane', '▁skulle', '▁ikkje', '▁få', '▁halda', '▁fram', '▁med', '▁å', '▁se', 'ia', '▁at', '▁Jesus', '▁var', '▁Mess', 'ias', ',', '▁Fr', 'els', 'ar', 'en.', '▁Dei', '▁måtte', '▁stopp', 'ast.', '▁S', 'ame', '▁dagen', '▁som', '▁Stefan', 'us', '▁vart', '▁drep', 'en,', '▁starta', '▁det', '▁ei', '▁hard', '▁for', 'følging', '▁av', '▁dei', '▁som', '▁tru', 'dde', '▁på', '▁Jes', 'us.', '▁Sa', 'ul', 'us', '▁var', '▁med', '▁på', '▁det.', '▁Han', '▁drog', '▁menneske', '▁ut', '▁av', '▁heim', 'ane', '▁dei', 'ra', '▁og', '▁sette', '▁dei', '▁i', '▁fengsel', '.\nMange', '▁av', '▁lære', 'sve', 'in', 'ane', '▁flykt', 'a', '▁frå', '▁Jerusale', 'm', '▁den', '▁dagen.', '▁Men', '▁dei', '▁held', 't', '▁fram', '▁med', '▁å', '▁fortel', 'ja', '▁om', '▁Jesus', '▁i', '▁andre', '▁by', 'ar', '▁og', '▁på', '▁andre', '▁st', 'ader', '.\nS', 'aul', 'us', '▁fekk', '▁høy', 'ra', '▁at', '▁det', '▁var', '▁lære', 'sve', 'inar', '▁også', '▁i', '▁Dam', 'ask', 'us.', '▁Sa', 'ul', 'us', '▁ville', '▁dra', '▁dit', '.', '▁Han', '▁fekk', '▁med', '▁seg', '▁eit', '▁brev', '▁frå', '▁øv', 'step', 'rest', 'en.', '▁Der', '▁stod', '▁det', '▁at', '▁han', '▁kunne', '▁feng', 'sla', '▁alle', '▁som', '▁tru']"," Saulus hadde lært om det som stod i dei heilage skriftene. Han hadde vore lenge i Jerusalem for å bli skriftlærd. Han hadde gått i skule hos den beste læraren der.
No var Saulus opprørt og sint. Læresveinane skulle ikkje få halda fram med å seia at Jesus var Messias, Frelsaren. Dei måtte stoppast. Same dagen som Stefanus vart drepen, starta det ei hard forfølging av dei som trudde på Jesus. Saulus var med på det. Han drog menneske ut av heimane deira og sette dei i fengsel.
Mange av læresveinane flykta frå Jerusalem den dagen. Men dei heldt fram med å fortelja om Jesus i andre byar og på andre stader.
Saulus fekk høyra at det var læresveinar også i Damaskus. Saulus ville dra dit. Han fekk med seg eit brev frå øvstepresten. Der stod det at han kunne fengsla alle som tru",translated,restricted-book,2021
digibok_2014031708131,nn,0.816,Tomas gjekk ein varm sumardag,"['▁T', 'omas', '▁gjekk', '▁ein', '▁varm', '▁sumar', 'dag', '▁til', '▁byen', '▁saman', '▁med', '▁far', '▁sin.', '▁»', 'S', 'jå', ',', '«', '▁sa', '▁far', 'en,', '▁»', 'der', '▁ligg', '▁det', '▁ein', '▁hest', 'esk', 'o,', '▁ta', '▁han', '▁opp', '▁og', '▁gøy', 'm', '▁han.', '«', '▁»', 'Det', '▁er', '▁ikkje', '▁um', 'aken', '▁verdt', '▁å', '▁b', 'øya', '▁seg', '▁for', '▁så', '▁lite', ',', '«', '▁svara', '▁T', 'omas', '.\nF', 'aren', '▁tok', '▁då', '▁hest', 'esk', 'oen', '▁opp', '▁og', '▁p', 'utta', '▁han', '▁i', '▁lomm', 'a.', '▁På', '▁næ', 'ra', 'ste', '▁garden', '▁sel', 'de', '▁han', '▁hest', 'esk', 'oen', '▁for', '▁25', '▁ø', 're,', '▁og', '▁for', '▁peng', 'ane', '▁kjøpte', '▁han', '▁k', 'isse', 'bær', '.', '▁Så', '▁gjekk', '▁dei', '▁vid', 'are.', '▁Sola', '▁ske', 'in', '▁varmt', '▁frå', '▁kl', 'år', '▁himmel', ',', '▁så', '▁T', 'omas', '▁held', 't', '▁på', '▁t', 'yr', 'sta', '▁for', 'der', 'v', 'a.', '▁V', 'atn', '▁fan', 'st', '▁det', '▁ikkje', '▁langs', '▁veg', 'en,', '▁og', '▁heller', '▁ikkje', '▁var', '▁det', '▁noko', '▁hus.', '▁Til', '▁slutt', '▁or', 'ka', '▁han', '▁berre', '▁så', '▁vidt', '▁å', '▁sle', 'pa', '▁seg', '▁fram', '.\nUt', 'an', '▁at', '▁T', 'omas', '▁mer', 'ka', '▁det,', '▁sle', 'pte', '▁faren', '▁eit', '▁k', 'isse', 'bær', '▁ned', '▁på', '▁veg', 'en.', '▁T', 'omas', '▁såg', '▁bær', 'et,', '▁b', 'øy', 'g', 'de', '▁seg', '▁fort', '▁ned', '▁etter', '▁bær', 'et', '▁og', '▁p', 'utta', '▁det', '▁i', '▁munn', 'en.', '▁Då', '▁dei', '▁hadde', '▁gått', '▁nokre', '▁steg', '▁til,']"," Tomas gjekk ein varm sumardag til byen saman med far sin. »Sjå,« sa faren, »der ligg det ein hestesko, ta han opp og gøym han.« »Det er ikkje umaken verdt å bøya seg for så lite,« svara Tomas.
Faren tok då hesteskoen opp og putta han i lomma. På næraste garden selde han hesteskoen for 25 øre, og for pengane kjøpte han kissebær. Så gjekk dei vidare. Sola skein varmt frå klår himmel, så Tomas heldt på tyrsta forderva. Vatn fanst det ikkje langs vegen, og heller ikkje var det noko hus. Til slutt orka han berre så vidt å slepa seg fram.
Utan at Tomas merka det, slepte faren eit kissebær ned på vegen. Tomas såg bæret, bøygde seg fort ned etter bæret og putta det i munnen. Då dei hadde gått nokre steg til,",untranslated,restricted-book,2021
digibok_2013041506147,nn,0.722,Borte på Vindheim hadde folk,"['▁B', 'orte', '▁på', '▁Vind', 'heim', '▁hadde', '▁folk', '▁det', '▁ann', 'samt', '▁den', '▁dagen.', '▁J', 'au,', '▁for', '▁det', '▁var', '▁kome', '▁eit', '▁heilt', '▁fyl', 'g', 'je', '▁med', '▁stor', 'fant', 'ar', '▁og', '▁f', 'enter', '▁—', '▁kvar', '▁dei', '▁no', '▁var', '▁if', 'rå', '▁—', '▁som', '▁skulle', '▁ha', '▁fire', ',', '▁fem', '▁hest', 'ar', '▁og', '▁kjer', 'rer', '▁i', '▁sky', 'ss', '.', '▁Og', '▁der', '▁för', '▁dei', '▁og', '▁fla', 'ug', '▁alle', '▁des', 'se,', '▁ta', 'ut', '▁og', '▁b', 'uld', 'ra', '▁og', '▁skre', 'ik,', '▁so', '▁det', '▁sna', 'utt', '▁nok', '▁til', '▁mann', 'emål', '▁var', '▁hø', 'yr', 'ande,', '▁drag', 'sa', '▁og', '▁drog', '▁på', '▁k', 'ister', '▁og', '▁by', 'lt', 'ar', '▁og', '▁alt', '▁det', '▁som', '▁til', '▁kunne', '▁ver', 'a.', '▁Han', '▁gamle', '▁Ola', '▁Vind', 'heim', '▁sprang', '▁med', '▁sine', '▁kro', 'k', 'ute', '▁kne', '▁i', '▁syl', 'v', 'sp', 'ente', '▁skinn', 'bro', 'ka', '▁kring', '▁mellom', '▁de', 'i,', '▁gre', 'id', 'de', '▁og', '▁rett', 'le', 'id', 'de', '▁alt', '▁han', '▁vann.', '▁Med', 'an', '▁dei', '▁to', '▁ein', 'aste', '▁som', '▁i', '▁denne', '▁k', 'av', 'ande', '▁m', 'yl', 'ska', '?', '▁en', 'no', '▁såg', '▁ut', '▁til', '▁kunna', '▁taka', '▁verd', 'a', '▁nok', 'ol', 'unde', '▁med', '▁tol', ',', '▁var', '▁gr', 'ann', 'eg', 'uten', '▁og', '▁jam', 'ald', 'ringen', '▁min,', '▁han', '▁Sj', 'ur', '-O', 'la,', '▁og', '▁so', '▁eg', '▁sjølv', ';', '▁og', '▁eg', '▁he', 'iter', '▁no', '▁P', 'er,', '▁eg', '.\nE', 'g', '▁var']"," Borte på Vindheim hadde folk det annsamt den dagen. Jau, for det var kome eit heilt fylgje med storfantar og fenter — kvar dei no var ifrå — som skulle ha fire, fem hestar og kjerrer i skyss. Og der för dei og flaug alle desse, taut og buldra og skreik, so det snautt nok til mannemål var høyrande, dragsa og drog på kister og byltar og alt det som til kunne vera. Han gamle Ola Vindheim sprang med sine krokute kne i sylvspente skinnbroka kring mellom dei, greidde og rettleidde alt han vann. Medan dei to einaste som i denne kavande mylska? enno såg ut til kunna taka verda nokolunde med tol, var granneguten og jamaldringen min, han Sjur-Ola, og so eg sjølv; og eg heiter no Per, eg.
Eg var",untranslated,restricted-book,2021
digibok_2009090700125,nn,0.503,Eit anna vilkår som ligg,"['▁E', 'it', '▁anna', '▁vilkår', '▁som', '▁ligg', '▁imp', 'lis', 'itt', '▁i', '▁familie', 'barne', 'hage', 'ordning', 'a', '▁er', '▁at', '▁heim', 'ane', '▁tar', '▁i', '▁mot', '▁andre', '▁barn', '▁i', '▁tillegg', '▁til', '▁eventuelle', '▁eig', 'ne.', '▁Ein', '▁heim', '▁med', '▁berre', '▁eig', 'ne', '▁barn', '▁vil', '▁ikkje', '▁kunna', '▁godkj', 'enn', 'ast', '▁som', '▁del', '▁av', '▁ein', '▁familie', 'barne', 'h', 'age.', '▁For', '▁å', '▁kunne', '▁ivareta', '▁fø', 'rem', 'ålet', '▁i', '▁forskrift', 'ene,', '▁om', '▁samvær', '▁med', '▁andre', '▁b', 'am,', '▁bør', '▁den', '▁ein', 'skilde', '▁heim', 'en', '▁omfatt', 'a', '▁minst', '▁2', '▁barn', '.\nKommun', 'en', '▁kan', '▁også', '▁godkj', 'enna', '▁ei', '▁verks', 'em', 'd', '▁som', '▁familie', 'barne', 'hage', '▁i', '▁le', 'ig', 'de', '▁lokale', '▁og', '▁med', '▁le', 'ig', 'd', '▁assistent', '▁eller', '▁anna', '▁person', 'ale,', '▁dersom', '▁det', '▁.', '▁viser', '▁seg', '▁vansk', 'eleg', '▁å', '▁finne', '▁heim', '▁som', '▁hø', 'ver', '▁til', '▁fø', 'rem', 'ålet', '.\nF', 'amil', 'ie', 'barne', 'hagen', '▁må', '▁tilby', '▁barna', '▁(og', '▁vaks', 'ne', ')', '▁eit', '▁fellesskap', '▁og', '▁eit', '▁miljø.', '▁Di', 'for', '▁er', '▁det', '▁na', 'ud', 'syn', 't', '▁med', '▁eit', '▁lokale', '▁der', '▁styr', 'ar', '▁og', '▁assist', 'entar', '▁kan', '▁møt', 'ast', '▁til', '▁samtal', 'ar,', '▁kurs', '▁o.', 'a.', '▁og', '▁der', '▁barn', '▁og', '▁vaks', 'ne', '▁kan', '▁ha', '▁felles', '▁samling', 'ar.', '▁Dersom', '▁familie', 'barne', 'hagen', '▁er', '▁kn', 'ytt', '▁til', '▁ein', '▁annan', '▁barneh', 'age,', '▁er', '▁det', '▁natur', 'leg', '▁å', '▁bru', 'ka', '▁eit', '▁rom', '▁i']"," Eit anna vilkår som ligg implisitt i familiebarnehageordninga er at heimane tar i mot andre barn i tillegg til eventuelle eigne. Ein heim med berre eigne barn vil ikkje kunna godkjennast som del av ein familiebarnehage. For å kunne ivareta føremålet i forskriftene, om samvær med andre bam, bør den einskilde heimen omfatta minst 2 barn.
Kommunen kan også godkjenna ei verksemd som familiebarnehage i leigde lokale og med leigd assistent eller anna personale, dersom det . viser seg vanskeleg å finne heim som høver til føremålet.
Familiebarnehagen må tilby barna (og vaksne) eit fellesskap og eit miljø. Difor er det naudsynt med eit lokale der styrar og assistentar kan møtast til samtalar, kurs o.a. og der barn og vaksne kan ha felles samlingar. Dersom familiebarnehagen er knytt til ein annan barnehage, er det naturleg å bruka eit rom i",untranslated,restricted-book,2021
digibok_2007061801018,nn,0.761,Det hadde rent så vond,"['▁Det', '▁hadde', '▁rent', '▁så', '▁vond', '▁ein', '▁st', 'yng', '▁gjennom', '▁Od', 'in', '▁da', '▁ho', '▁sa', '▁ord', 'a', '▁alt', '▁i', '▁hop', ',', '▁at', '▁han', '▁vart', '▁ligg', 'ande', '▁i', '▁halv', 'sv', 'ime', '▁lenge', '▁etter.', '▁Det', '▁for', 'ste', '▁han', '▁mer', 'ka', '▁att', ',', '▁var', '▁det', '▁at', '▁Ing', 'ri', '▁låg', '▁og', '▁skal', 'v.', '▁Er', '▁du', '▁ikkje', '▁frisk', '?', '▁sa', '▁han.', '▁—', '▁Eg', '▁fekk', '▁berre', '▁litt', '▁skjel', 'v', '▁i', '▁meg', '▁da', '▁han', '▁var', '▁her.', '▁Og', '▁så', '▁da', '▁vi', '▁le', 'ita', '▁etter', '▁deg.', '▁Det', '▁går', '▁snart', '▁over.', '▁Når', '▁berre', '▁han', '▁far', '▁kjem', '▁seg', '▁her', 'if', 'rå', ',', '▁så', '.', '▁Vis', '▁Od', 'in,', '▁vi', '▁vinn', '▁oss', '▁alltid', '▁over', '▁det.', '▁—', '▁«N', 'o', '▁gjorde', '▁du', '▁meg', '▁glad', '!»', '▁sa', '▁han,', '▁ut', 'ur', 'v', 'ande', '▁høg', 't,', '▁ho', '▁hørte', '▁på', '▁målet', '▁hans', '▁at', '▁det', '▁var', '▁eit', 'kv', 'art', '▁som', '▁bra', 'ut', '▁i', '▁han.', '▁—', 'Men', '▁at', '▁du', '▁skulle', '▁komma', '▁bort', 'i', '▁det', '▁her', '▁for', '▁mi', '▁skyl', 'd,', '▁held', 't', '▁ho', '▁ved', '.', '▁Det', '▁var', '▁det', '▁eg', '▁visste', '▁da', '▁vi', '▁gift', 'a', '▁oss!', '▁—', '▁Du', '▁fort', 'alde', '▁meg', '▁da', '▁alt', '▁den', '▁gong', 'en,', '▁gjorde', '▁du', '▁ikkje', '▁det,', '▁Ing', 'ri', '?', '▁—', '▁Det', '▁gjorde', '▁eg', '▁vel', '▁ikkje', '?', '▁For', '▁du', '▁spur', 'de', '▁ikkje', ',', '▁du.', '▁—', '▁Om', '▁han', '▁far', '▁din,', '▁nei', '!']"," Det hadde rent så vond ein styng gjennom Odin da ho sa orda alt i hop, at han vart liggande i halvsvime lenge etter. Det forste han merka att, var det at Ingri låg og skalv. Er du ikkje frisk? sa han. — Eg fekk berre litt skjelv i meg da han var her. Og så da vi leita etter deg. Det går snart over. Når berre han far kjem seg herifrå, så. Vis Odin, vi vinn oss alltid over det. — «No gjorde du meg glad!» sa han, uturvande høgt, ho hørte på målet hans at det var eitkvart som braut i han. —Men at du skulle komma borti det her for mi skyld, heldt ho ved. Det var det eg visste da vi gifta oss! — Du fortalde meg da alt den gongen, gjorde du ikkje det, Ingri? — Det gjorde eg vel ikkje? For du spurde ikkje, du. — Om han far din, nei!",untranslated,restricted-book,2021
digibok_2012021608284,nn,0.81,Ja spring etter doktaren sa,"['▁Ja,', '▁spring', '▁etter', '▁dokt', 'ar', 'en,', '▁sa', '▁Bj', 'orn', '.\n—', '▁Men', '▁korleis', '...', '▁Helga', '▁såg', '▁pa', '▁det', '▁vok', 'sb', 'le', 'ike', '▁and', 'let', 'et', '▁til', '▁Sve', 'in,', '▁og', '▁vart', '▁red', 'd.', '▁Svein', '▁såg', '▁då', '▁heilt', '▁ded', '▁ut', '.\n—', '▁Sta', '▁ikkje', '▁der', '▁og', '▁g', 'ap.', '▁Ser', '▁du', '▁ikkje', '▁han', '▁held', '▁pa', '▁a', '▁d', 'øy', '?', '▁Spring', '▁etter', '▁dokt', 'aren', '▁litt', '▁fort', '.', '▁Bjørn', '▁såg', '▁ikkje', '▁opp', '▁då', '▁han', '▁sa', '▁det,', '▁og', '▁Helga', '▁var', '▁ut', 'gjennom', '▁døra', '▁før', '▁han', '▁hadde', '▁sagt', '▁siste', '▁ordet', '.\nH', 'o', '▁sprang', '▁og', '▁sprang', '.', '▁Tenk', '▁om', '▁Svein', '▁d', 'øy', 'dde', '!', '▁Og', '▁ho', '▁som', '▁hadde', '▁vore', '▁så', '▁st', 'ygg', '▁med', '▁han.', '▁Ho', '▁hadde', '▁ikkje', '▁e', 'ing', 'ong', '▁vit', 'ja', '▁han', '▁då', '▁han', '▁låg', '▁med', '▁sp', 'jel', 'ka', '▁fot', '.', '▁Men', '▁berre', '▁han', '▁kom', '▁seg,', '▁skulle', '▁ho', '▁aldri', '▁vera', '▁vond', '▁på', '▁han', '▁meir', '▁om', '▁dei', '▁andre', '▁var', '▁aldri', '▁så', '▁leie', '▁med', '▁han', '.\nL', 'itt', '▁før', '▁ho', '▁kom', '▁fram', '▁på', '▁St', 'up', 'et', '▁møtte', '▁ho', '▁Berit', '▁som', '▁kom', '▁frå', '▁kyr', 'kja', '.\n—', '▁Svein', '▁har', '▁d', 'ruk', 'na,', '▁sa', '▁ho', '▁and', 'p', 'ust', 'en', '.\n—', '▁Kva', '▁er', '▁det', '▁du', '▁seier', '?', '▁sa', '▁Berit', '▁for', 'færd', '.\n—', '▁Svein', '▁har', '▁d', 'ruk', 'na,', '▁tok', '▁ho', '▁opp', '▁att', '.', '▁—', '▁Eg', '▁skal', '▁h']"," Ja, spring etter doktaren, sa Bjorn.
— Men korleis... Helga såg pa det voksbleike andletet til Svein, og vart redd. Svein såg då heilt ded ut.
— Sta ikkje der og gap. Ser du ikkje han held pa a døy? Spring etter doktaren litt fort. Bjørn såg ikkje opp då han sa det, og Helga var utgjennom døra før han hadde sagt siste ordet.
Ho sprang og sprang. Tenk om Svein døydde! Og ho som hadde vore så stygg med han. Ho hadde ikkje eingong vitja han då han låg med spjelka fot. Men berre han kom seg, skulle ho aldri vera vond på han meir om dei andre var aldri så leie med han.
Litt før ho kom fram på Stupet møtte ho Berit som kom frå kyrkja.
— Svein har drukna, sa ho andpusten.
— Kva er det du seier? sa Berit forfærd.
— Svein har drukna, tok ho opp att. — Eg skal h",untranslated,restricted-book,2021
digibok_2008081300068,nn,0.73,I det året som var,"['▁I', '▁det', '▁året', '▁som', '▁var', '▁gått', '▁s', 'ia', '▁jord', 'byte', 'fol', 'ka', '▁var', '▁på', '▁L', 'øst', 'øl', '▁sist', '▁til', '▁dei', '▁kom', '▁att', ',', '▁var', '▁det', '▁skip', 'la', '▁med', '▁den', '▁planen', '▁eg', '▁hadde', '▁hatt', '.', '▁Ber', 're', '▁Sig', 'ne', '▁var', '▁reist', '▁til', '▁Amerika', '▁med', '▁Mon', 's.', '▁Tor', 'bjør', 'g', '▁var', '▁forl', 'ova', '▁med', '▁Ander', 's,', '▁og', '▁Nils', '▁såg', '▁lj', 'ost', '▁på', '▁livet.', '▁Det', '▁vart', '▁som', '▁eg', '▁hadde', '▁tenkt', '▁med', '▁gar', 'ask', 'ift', 'et.', '▁Vi', '▁fekk', '▁kvar', '▁sin', '▁eig', 'edom', '▁oven', 'frå', '▁ned', 'etter', '.', '▁Nils', '▁i', '▁midt', 'en,', '▁Gjø', 'a', '▁innan', 'for', '▁og', '▁eg', '▁og', '▁Knut', 'af', 'olket', '▁utan', 'for', '.', '▁Slik', '▁hadde', '▁vi', '▁tenkt', '▁det,', '▁og', '▁ingen', '▁hadde', '▁noko', '▁å', '▁se', 'ia.', '▁Mark', 'ste', 'inar', '▁og', '▁k', 'ross', 'ar', '▁kom', '▁der', '▁dei', '▁skulde', '.\nN', 'ils', '▁kom', '▁til', '▁oss', '▁kvar', '▁dag,', '▁der', '▁var', '▁mykje', '▁han', '▁hadde', '▁å', '▁stå', '▁i.', '▁G', 'aren', '▁hans', '▁var', '▁v', 'orten', '▁stor', '▁og', '▁i', '▁ein', '▁te', 'ig.', '▁Hus', 'a', '▁skulde', '▁stå', '▁på', '▁det', '▁bruk', 'et,', '▁det', '▁var', '▁vi', '▁andre', '▁som', '▁skulle', '▁flytt', 'a.', '▁Det', '▁skulde', '▁vera', '▁hjelp', '▁av', '▁staten', '▁til', '▁flytting', '▁av', '▁hus', 'a', ';', '▁men', '▁eg', '▁hadde', '▁hø', 'yrt', '▁av', '▁andre', '▁at', '▁det', '▁hadde', '▁v', 'orte', '▁knapt', '▁med', '▁dei', '▁peng', 'ane,', '▁for', '▁kvar', '▁som', '▁flytte', ',']"," I det året som var gått sia jordbytefolka var på Løstøl sist til dei kom att, var det skipla med den planen eg hadde hatt. Berre Signe var reist til Amerika med Mons. Torbjørg var forlova med Anders, og Nils såg ljost på livet. Det vart som eg hadde tenkt med garaskiftet. Vi fekk kvar sin eigedom ovenfrå nedetter. Nils i midten, Gjøa innanfor og eg og Knutafolket utanfor. Slik hadde vi tenkt det, og ingen hadde noko å seia. Marksteinar og krossar kom der dei skulde.
Nils kom til oss kvar dag, der var mykje han hadde å stå i. Garen hans var vorten stor og i ein teig. Husa skulde stå på det bruket, det var vi andre som skulle flytta. Det skulde vera hjelp av staten til flytting av husa; men eg hadde høyrt av andre at det hadde vorte knapt med dei pengane, for kvar som flytte,",untranslated,restricted-book,2021
digibok_2012100106238,nn,0.678,Så strauk Per bort i,"['▁Så', '▁stra', 'uk', '▁Per', '▁bort', '▁i', '▁skogen', '▁og', '▁h', 'ogg', '▁og', '▁tøm', 'ra', '▁alt', '▁han', '▁vann.', '▁Men', '▁alt', '▁han', '▁h', 'ogg', '▁og', '▁alt', '▁han', '▁tøm', 'ra,', '▁så', '▁blei', '▁det', '▁ikkje', '▁anna', '▁enn', '▁tra', 'u.', '▁Da', '▁det', '▁leid', '▁til', '▁mid', '▁dag', 's,', '▁skulle', '▁han', '▁ha', '▁seg', '▁noko', '▁å', '▁leve', '▁av', '▁og', '▁tok', '▁n', 'is', '▁t', 'esk', 're', 'pp', 'a.', '▁Men', '▁det', '▁var', '▁ikkje', '▁mat', '▁det', '▁som', '▁var', '▁i', '▁n', 'ist', 'ese', 'kken.', '▁Da', '▁han', '▁no', '▁ikkje', '▁hadde', '▁noko', '▁å', '▁leve', '▁av', '▁og', '▁det', '▁ikkje', '▁gjekk', '▁lik', 'are', '▁med', '▁tøm', 'ring', 'a,', '▁blei', '▁han', '▁lei', '▁av', '▁arbeidet.', '▁Så', '▁tok', '▁han', '▁ø', 'ks', 'a', '▁på', '▁n', 'akken', '▁og', '▁stra', 'uk', '▁heim', '▁til', '▁mor', '▁si', '▁att', '.\nSå', '▁ville', '▁Pål', '▁i', '▁veg', '▁og', '▁fre', 'iste', '▁å', '▁bygg', 'je', '▁skipet', '▁og', '▁vinne', '▁kong', 'sd', 'otter', 'a', '▁og', '▁halve', '▁kon', 'ger', 'ik', 'et.', '▁Han', '▁bad', '▁mor', '▁si', '▁om', '▁n', 'ist', 'e,', '▁og', '▁da', '▁han', '▁hadde', '▁fått', '▁den,', '▁tok', '▁han', '▁se', 'kken', '▁på', '▁n', 'akken', '▁og', '▁la', '▁av', '▁gar', 'de.', '▁På', '▁vegen', '▁møtte', '▁han', '▁ein', '▁gammal', '▁mann', '.\n«', 'Å', ',', '▁eg', '▁skal', '▁bort', '▁i', '▁skogen', '▁og', '▁gjere', '▁gr', 'iset', 'ra', 'u', '▁til', '▁den', '▁ves', 'le', '▁gris', 'ungen', '▁vår,', '»', '▁sa', '▁Pål', '.\nSå', '▁stra', 'uk', '▁Pål', '▁bort', '▁i', '▁skogen']"," Så strauk Per bort i skogen og hogg og tømra alt han vann. Men alt han hogg og alt han tømra, så blei det ikkje anna enn trau. Da det leid til mid dags, skulle han ha seg noko å leve av og tok nis teskreppa. Men det var ikkje mat det som var i nistesekken. Da han no ikkje hadde noko å leve av og det ikkje gjekk likare med tømringa, blei han lei av arbeidet. Så tok han øksa på nakken og strauk heim til mor si att.
Så ville Pål i veg og freiste å byggje skipet og vinne kongsdottera og halve kongeriket. Han bad mor si om niste, og da han hadde fått den, tok han sekken på nakken og la av garde. På vegen møtte han ein gammal mann.
«Å, eg skal bort i skogen og gjere grisetrau til den vesle grisungen vår,» sa Pål.
Så strauk Pål bort i skogen",untranslated,restricted-book,1980
